Organisation,SectorCluster,County
ACTED,"Food Security & Livlihoods","Kajo-keji"
ACTED,"Food Security & Livlihoods",Akobo
ACTED,"Food Security & Livlihoods",Awerial
ACTED,"Food Security & Livlihoods",Wau
ACTED,"Food Security & Livlihoods",Mayom
ACTED,"Food Security & Livlihoods",Maban
ACTED,Health,"Tonj South"
ACTED,CCCM,Juba
ACTED,CCCM,"Kajo-keji"
ACTED,CCCM,"Bor South"
ACTED,CCCM,Wau
ACTED,CCCM,Maban
ACTED,Protection,Juba
ACTED,Protection,"Kajo-keji"
ACTED,Protection,"Bor South"
ACTED,Protection,Wau
ACTED,Protection,Mayom
ACTED,Protection,Maban
ACTED,Protection,"Tonj South"
ACTED,WASH,Awerial
ACTED,WASH,Maban
ACTED,"Conflict Prevention & Peacebuilding",Akobo
ACTED,"Conflict Prevention & Peacebuilding",Maban
ACTED,"Environment & Natural Resources","Tonj South"
Action Against Hunger,Food Security & Livlihoods,Aweil East,
Action Against Hunger,Food Security & Livlihoods,Gogrial West,
Action Against Hunger,Nutrition,Aweil East,
Action Against Hunger,Nutrition,Maiwut,
Action Against Hunger,Nutrition,Gogrial West,
Action Against Hunger,WASH,Fangak,
Action Against Hunger,WASH,Aweil East,
"Action Africa Help International","Food Security & Livlihoods",Juba
"Action Africa Help International","Food Security & Livlihoods",Wau
"Action Africa Help International",Health,"Kajo-keji"
"Action Africa Help International",Health,Lainya
"Action Africa Help International",Health,Morobo
"Action Africa Help International",Health,Yei
"Action Africa Help International",Health,Ibba
"Action Africa Help International",Health,Maridi
"Action Africa Help International",Health,"Mundri East"
"Action Africa Help International",Health,"Mundri West"
"Action Africa Help International",Health,Mvolo
"Action Africa Help International","Shelter and Non-Food Items",Yei
"Action Africa Help International","Shelter and Non-Food Items",Yambio
"Action Africa Help International","Shelter and Non-Food Items","Rumbek Centre"
"Action Africa Help International","Shelter and Non-Food Items",Pariang
"Action Africa Help International","Shelter and Non-Food Items",Maban
"Action Africa Help International","Shelter and Non-Food Items",Malakal
"Action Africa Help International","Conflict Prevention & Peacebuilding",Juba
"Action Africa Help International","Conflict Prevention & Peacebuilding",Yei
"Action Africa Help International","Conflict Prevention & Peacebuilding",Maridi
"Action Africa Help International","Conflict Prevention & Peacebuilding","Mundri West"
"AECOM INTERNATIONAL SOUTH SUDAN (VISTAS PROJECT)","Conflict Prevention & Peacebuilding",Juba
"AECOM INTERNATIONAL SOUTH SUDAN (VISTAS PROJECT)","Conflict Prevention & Peacebuilding",Yambio
"AECOM INTERNATIONAL SOUTH SUDAN (VISTAS PROJECT)","Conflict Prevention & Peacebuilding",Akobo
"AECOM INTERNATIONAL SOUTH SUDAN (VISTAS PROJECT)","Conflict Prevention & Peacebuilding","Bor South"
"AECOM INTERNATIONAL SOUTH SUDAN (VISTAS PROJECT)","Conflict Prevention & Peacebuilding",Pibor
"AECOM INTERNATIONAL SOUTH SUDAN (VISTAS PROJECT)","Conflict Prevention & Peacebuilding","Rumbek Centre"
"AECOM INTERNATIONAL SOUTH SUDAN (VISTAS PROJECT)","Conflict Prevention & Peacebuilding","Rumbek East"
"AECOM INTERNATIONAL SOUTH SUDAN (VISTAS PROJECT)","Conflict Prevention & Peacebuilding","Rumbek North"
"AECOM INTERNATIONAL SOUTH SUDAN (VISTAS PROJECT)","Conflict Prevention & Peacebuilding","Aweil Centre"
"AECOM INTERNATIONAL SOUTH SUDAN (VISTAS PROJECT)","Conflict Prevention & Peacebuilding","Aweil East"
"AECOM INTERNATIONAL SOUTH SUDAN (VISTAS PROJECT)","Conflict Prevention & Peacebuilding","Aweil North"
"AECOM INTERNATIONAL SOUTH SUDAN (VISTAS PROJECT)","Conflict Prevention & Peacebuilding","Aweil South"
"AECOM INTERNATIONAL SOUTH SUDAN (VISTAS PROJECT)","Conflict Prevention & Peacebuilding","Aweil West"
"AECOM INTERNATIONAL SOUTH SUDAN (VISTAS PROJECT)","Conflict Prevention & Peacebuilding",Raga
"AECOM INTERNATIONAL SOUTH SUDAN (VISTAS PROJECT)","Conflict Prevention & Peacebuilding",Leer
"AECOM INTERNATIONAL SOUTH SUDAN (VISTAS PROJECT)","Conflict Prevention & Peacebuilding",Rubkona
"AECOM INTERNATIONAL SOUTH SUDAN (VISTAS PROJECT)","Conflict Prevention & Peacebuilding",Malakal
"African Development Solutions",WASH,Juba
"African Development Solutions",WASH,"Aweil North"
"African Development Solutions",WASH,"Aweil West"
"Agency for Cooperation and Research in Development",Food Security & Livlihoods,Juba
"Agency for Cooperation and Research in Development",Food Security & Livlihoods,Terekeka
"Agency for Cooperation and Research in Development",Food Security & Livlihoods,Magwi
"Agency for Cooperation and Research in Development",Shelter & Non-Food Items,Juba
"Agency for Cooperation and Research in Development",Shelter & Non-Food Items,Terekeka
"Agency for Cooperation and Research in Development",Shelter & Non-Food Items,Magwi
"Agency for Cooperation and Research in Development",WASH,Juba
"Agency for Cooperation and Research in Development",WASH,Terekeka
"Agency for Cooperation and Research in Development",Conflict Prevention & Peacebuilding,Juba
"Agency for Cooperation and Research in Development",Conflict Prevention & Peacebuilding,Terekeka
"Agency for Cooperation and Research in Development",Conflict Prevention & Peacebuilding,Magwi
"Agency for Cooperation and Research in Development",Governance & Rule of Law,Juba
"Agency for Cooperation and Research in Development",Governance & Rule of Law,Terekeka
"Agency for Cooperation and Research in Development",Governance & Rule of Law,Magwi
"American Refugee Committee International",Health,"Kajo-keji"
"American Refugee Committee International",Health,"Kapoeta East"
"American Refugee Committee International",Health,"Kapoeta North"
"American Refugee Committee International",Health,Magwi
"American Refugee Committee International",Health,"Aweil Centre"
"American Refugee Committee International",Nutrition,"Kajo-keji"
"American Refugee Committee International",Protection,"Aweil Centre"
"Amref Health Africa in South Sudan","Food Security & Livlihoods",Ibba
"Amref Health Africa in South Sudan","Food Security & Livlihoods",Maridi
"Amref Health Africa in South Sudan",Health,Juba
"Amref Health Africa in South Sudan",Health,Morobo
"Amref Health Africa in South Sudan",Health,Yei
"Amref Health Africa in South Sudan",Health,Torit
"Amref Health Africa in South Sudan",Health,Ibba
"Amref Health Africa in South Sudan",Health,Maridi
"Amref Health Africa in South Sudan",Health,Yambio
"Amref Health Africa in South Sudan",Nutrition,Ibba
"Amref Health Africa in South Sudan",Nutrition,Maridi
"Amref Health Africa in South Sudan",Nutrition,Yambio
"Amref Health Africa in South Sudan",WASH,Juba
"Amref Health Africa in South Sudan",WASH,Yei
"Amref Health Africa in South Sudan",WASH,Torit
"Amref Health Africa in South Sudan",WASH,Ibba
"Amref Health Africa in South Sudan",WASH,Maridi
"Amref Health Africa in South Sudan",WASH,Yambio
"Association of Christian Resource Organization Serving Sudan","Food Security & Livlihoods",Juba
"Association of Christian Resource Organization Serving Sudan","Food Security & Livlihoods",Yei
"Association of Christian Resource Organization Serving Sudan","Food Security & Livlihoods",Pibor
"Association of Christian Resource Organization Serving Sudan","Food Security & Livlihoods","Rumbek Centre"
"Association of Christian Resource Organization Serving Sudan","Food Security & Livlihoods","Rumbek East"
"Association of Christian Resource Organization Serving Sudan",Health,Juba
"Association of Christian Resource Organization Serving Sudan",Health,Yei
"Association of Christian Resource Organization Serving Sudan",Health,"Rumbek Centre"
"Association of Christian Resource Organization Serving Sudan",Health,"Rumbek East"
"Association of Christian Resource Organization Serving Sudan",CCCM,Juba
"Association of Christian Resource Organization Serving Sudan",CCCM,Yei
"Association of Christian Resource Organization Serving Sudan",Nutrition,Juba
"Association of Christian Resource Organization Serving Sudan",Nutrition,Yei
"Association of Christian Resource Organization Serving Sudan",Protection,Juba
"Association of Christian Resource Organization Serving Sudan",Protection,Yei
"Association of Christian Resource Organization Serving Sudan","Shelter and Non-Food Items",Juba
"Association of Christian Resource Organization Serving Sudan","Shelter and Non-Food Items",Terekeka
"Association of Christian Resource Organization Serving Sudan","Shelter and Non-Food Items",Yei
"Association of Christian Resource Organization Serving Sudan","Shelter and Non-Food Items",Torit
"Association of Christian Resource Organization Serving Sudan",WASH,Juba
"Association of Christian Resource Organization Serving Sudan",WASH,Yei
"Association of Christian Resource Organization Serving Sudan","Governance & Rule of Law","Rumbek Centre"
"Association of Christian Resource Organization Serving Sudan","Governance & Rule of Law","Rumbek East"
"Association of Christian Resource Organization Serving Sudan","Governance & Rule of Law",Wulu
"Association of Christian Resource Organization Serving Sudan","Governance & Rule of Law","Yirol East"
"Association of Christian Resource Organization Serving Sudan","Governance & Rule of Law","Yirol West"
"Association of Christian Resource Organization Serving Sudan","Environment & Natural Resources","Rumbek East"
AVSI,Education,Juba,
AVSI,Education,Ikotos,
AVSI,Education,Magwi,
AVSI,Education,Torit,
AVSI,Education,Cueibet,
AVSI,Education,Rumbek Centre,
AVSI,Food Security & Livlihoods,Ikotos,
AVSI,Food Security & Livlihoods,Torit,
AVSI,Food Security & Livlihoods,Cueibet,
AVSI,Food Security & Livlihoods,Rumbek Centre,
AVSI,Health,Ikotos,
AVSI,Nutrition,Ikotos,
AVSI,Nutrition,Torit,
AVSI,Nutrition,Cueibet,
AVSI,Protection,Juba,
AVSI,Protection,Ikotos,
AVSI,Protection,Magwi,
AVSI,Protection,Torit,
AVSI,Protection,Cueibet,
AVSI,Protection,Rumbek Centre,
AVSI,Shelter & Non-Food Items,Ikotos,
AVSI,WASH,Ikotos,
AVSI,WASH,Cueibet,
AVSI,WASH,Rumbek Centre,
AVSI,Conflict Prevention & Peacebuilding,Cueibet,
AVSI,Conflict Prevention & Peacebuilding,Rumbek Centre,
BRAC South Sudan,Education,Juba
BRAC South Sudan,Education,Kajo
BRAC South Sudan,Education,Lainya
BRAC South Sudan,Education,Morobo
BRAC South Sudan,Education,Terekeka
BRAC South Sudan,Education,Yei
BRAC South Sudan,Education,Magwi
BRAC South Sudan,Education,Torit
BRAC South Sudan,Education,Maridi
BRAC South Sudan,Education,Mundri East
BRAC South Sudan,Education,Mundri West
BRAC South Sudan,Education,Yambio
BRAC South Sudan,Education,Awerial
BRAC South Sudan,Education,Cueibet
BRAC South Sudan,Education,Rumbek Centre
BRAC South Sudan,Education,Rumbek East
BRAC South Sudan,Education,Rumbek North
BRAC South Sudan,Education,Wulu
BRAC South Sudan,Education,Yirol East
BRAC South Sudan,Education,Yirol West
BRAC South Sudan,Food Security & Livlihoods,Yei
BRAC South Sudan,Food Security & Livlihoods,Magwi
BRAC South Sudan,Food Security & Livlihoods,Torit
BRAC South Sudan,Health,Juba
BRAC South Sudan,Health,Yei
BRAC South Sudan,Health,Magwi
BRAC South Sudan,Health,Torit
BRAC South Sudan,Health,Awerial
BRAC South Sudan,Health,Cueibet
BRAC South Sudan,Health,Rumbek Centre
BRAC South Sudan,Health,Rumbek East
BRAC South Sudan,Health,Rumbek North
BRAC South Sudan,Health,Wulu
BRAC South Sudan,Health,Yirol East
BRAC South Sudan,Health,Yirol West
BRAC South Sudan,Nutrition,Juba
BRAC South Sudan,Nutrition,Rumbek Centre
BRAC South Sudan,Nutrition,Rumbek East
BRAC South Sudan,Nutrition,Rumbek North
BRAC South Sudan,Nutrition,Wulu
BRAC South Sudan,Nutrition,Aweil Centre
BRAC South Sudan,Nutrition,Aweil East
BRAC South Sudan,Nutrition,Aweil North
BRAC South Sudan,Nutrition,Aweil South
BRAC South Sudan,Nutrition,Aweil West
BRAC South Sudan,WASH,Juba
BRAC South Sudan,Education,Juba
BRAC South Sudan,Education,Kajo
BRAC South Sudan,Education,Lainya
BRAC South Sudan,Education,Morobo
BRAC South Sudan,Education,Terekeka
BRAC South Sudan,Education,Yei
BRAC South Sudan,Education,Magwi
BRAC South Sudan,Education,Torit
BRAC South Sudan,Education,Maridi
BRAC South Sudan,Education,Mundri East
BRAC South Sudan,Education,Mundri West
BRAC South Sudan,Education,Nzara
BRAC South Sudan,Education,Yambio
BRAC South Sudan,Education,Awerial
BRAC South Sudan,Education,Cueibet
BRAC South Sudan,Education,Rumbek Centre
BRAC South Sudan,Education,Rumbek East
BRAC South Sudan,Education,Rumbek North
BRAC South Sudan,Education,Wulu
BRAC South Sudan,Education,Yirol East
BRAC South Sudan,Education,Yirol West
BRAC South Sudan,Food Security & Livlihoods,Juba
BRAC South Sudan,Food Security & Livlihoods,Kajo
BRAC South Sudan,Food Security & Livlihoods,Yei
BRAC South Sudan,Food Security & Livlihoods,Magwi
BRAC South Sudan,Food Security & Livlihoods,Torit
BRAC South Sudan,Food Security & Livlihoods,Yambio
BRAC South Sudan,Food Security & Livlihoods,Rumbek Centre
BRAC South Sudan,Health,Juba
BRAC South Sudan,Health,Yei
BRAC South Sudan,Health,Magwi
BRAC South Sudan,Health,Torit
BRAC South Sudan,Health,Awerial
BRAC South Sudan,Health,Cueibet
BRAC South Sudan,Health,Rumbek Centre
BRAC South Sudan,Health,Rumbek East
BRAC South Sudan,Health,Rumbek North
BRAC South Sudan,Health,Wulu
BRAC South Sudan,Health,Yirol East
BRAC South Sudan,Health,Yirol West
BRAC South Sudan,Nutrition,Juba
BRAC South Sudan,Nutrition,Rumbek Centre
BRAC South Sudan,Nutrition,Rumbek East
BRAC South Sudan,Nutrition,Aweil Centre
BRAC South Sudan,Nutrition,Aweil East
BRAC South Sudan,Nutrition,Aweil North
BRAC South Sudan,Nutrition,Aweil South
BRAC South Sudan,Nutrition,Aweil West
BRAC South Sudan,WASH,Juba
"CARE International in South Sudan",Food Security & Livlihoods,Ikotos
"CARE International in South Sudan",Food Security & Livlihoods,Magwi
"CARE International in South Sudan",Food Security & Livlihoods,Torit
"CARE International in South Sudan",Food Security & Livlihoods,Twic East
"CARE International in South Sudan",Food Security & Livlihoods,Fangak
"CARE International in South Sudan",Food Security & Livlihoods,Pibor
"CARE International in South Sudan",Food Security & Livlihoods,Uror
"CARE International in South Sudan",Food Security & Livlihoods,?abiemnhom
"CARE International in South Sudan",Food Security & Livlihoods,Koch
"CARE International in South Sudan",Food Security & Livlihoods,Mayom
"CARE International in South Sudan",Food Security & Livlihoods,Pariang
"CARE International in South Sudan",Food Security & Livlihoods,Rubkona
"CARE International in South Sudan",Health,Ikotos
"CARE International in South Sudan",Health,Magwi
"CARE International in South Sudan",Health,Torit
"CARE International in South Sudan",Health,Pariang
"CARE International in South Sudan",Nutrition,?abiemnhom
"CARE International in South Sudan",Nutrition,Koch
"CARE International in South Sudan",Nutrition,Mayom
"CARE International in South Sudan",Nutrition,Rubkona
"CARE International in South Sudan",Protection,Ikotos
"CARE International in South Sudan",Protection,Magwi
"CARE International in South Sudan",Protection,Torit
"CARE International in South Sudan",Protection,Twic East
"CARE International in South Sudan",Protection,Duk
"CARE International in South Sudan",Protection,Uror
"CARE International in South Sudan",Protection,Koch
"CARE International in South Sudan",Conflict Prevention & Peacebuilding,Twic East
"CARE International in South Sudan",Conflict Prevention & Peacebuilding,Duk
"CARE International in South Sudan",Conflict Prevention & Peacebuilding,Uror
Caritas Switzerland,Education,Ikotos
Caritas Switzerland,Education,Lafon
Caritas Switzerland,Education,Magwi
Caritas Switzerland,Education,Torit
Caritas Switzerland,Food Security & Livlihoods,Torit
Caritas Switzerland,Logistics,Ikotos
Caritas Switzerland,Logistics,Lafon
Caritas Switzerland,Logistics,Magwi
Caritas Switzerland,Logistics,Torit
Caritas Switzerland,WASH,Ikotos
Caritas Switzerland,WASH,Magwi
Caritas Switzerland,WASH,Torit
"Catholic Agency For Overseas Development","Food Security & Livlihoods",Juba
"Catholic Agency For Overseas Development","Food Security & Livlihoods",Yei
"Catholic Agency For Overseas Development","Food Security & Livlihoods",Yambio
"Catholic Agency For Overseas Development","Food Security & Livlihoods","Yirol East"
"Catholic Agency For Overseas Development","Food Security & Livlihoods","Yirol West"
"Catholic Agency For Overseas Development","Food Security & Livlihoods",Maban
"Catholic Agency For Overseas Development","Food Security & Livlihoods",Renk
"Catholic Agency For Overseas Development",Protection,"Yirol East"
"Catholic Agency For Overseas Development",Protection,"Yirol West"
"Catholic Agency For Overseas Development","Shelter and Non-Food Items","Yirol East"
"Catholic Agency For Overseas Development","Shelter and Non-Food Items","Yirol West"
"Catholic Agency For Overseas Development",WASH,"Yirol East"
"Catholic Agency For Overseas Development",WASH,"Yirol West"
"Catholic Agency For Overseas Development",WASH,Renk
"Catholic Agency For Overseas Development","Conflict Prevention & Peacebuilding","Yirol East"
"Catholic Agency For Overseas Development","Conflict Prevention & Peacebuilding","Gogrial East"
"Catholic Agency For Overseas Development","Governance & Rule of Law","Gogrial East"
"Catholic Medical Mission Board",Health,Ezo
"Catholic Medical Mission Board",Health,Mvolo
"Catholic Medical Mission Board",Health,Nzara
"Catholic Medical Mission Board",Health,Yambio
"Catholic Medical Mission Board",Protection,Ezo
"Catholic Medical Mission Board",Protection,Mvolo
"Catholic Medical Mission Board",Protection,Nzara
"Catholic Medical Mission Board",Protection,Yambio
"Catholic Medical Mission Board",WASH,Ezo
"Catholic Medical Mission Board",WASH,Nzara
"Catholic Medical Mission Board",WASH,Yambio
"Catholic Relief Services",Health,Juba
"Catholic Relief Services",Nutrition,Akobo
"Catholic Relief Services",Nutrition,Ayod
"Catholic Relief Services",Nutrition,"Bor South"
"Catholic Relief Services",Nutrition,"Twic East"
"Catholic Relief Services",Nutrition,Duk
"Catholic Relief Services",Nutrition,Pochalla
"Catholic Relief Services",Nutrition,Uror
"Catholic Relief Services","Shelter and Non-Food Items",Ayod
"Catholic Relief Services","Shelter and Non-Food Items","Bor South"
"Catholic Relief Services","Shelter and Non-Food Items",Pibor
"Catholic Relief Services","Shelter and Non-Food Items",Uror
"Catholic Relief Services",WASH,Juba
"Catholic Relief Services",WASH,Ayod
"Catholic Relief Services",WASH,"Bor South"
"Catholic Relief Services",WASH,"Twic East"
"Catholic Relief Services",WASH,Duk
"Catholic Relief Services",WASH,Pibor
"Catholic Relief Services",WASH,Awerial
"Catholic Relief Services","Conflict Prevention & Peacebuilding",Juba
"Catholic Relief Services","Conflict Prevention & Peacebuilding","Kapoeta East"
"Catholic Relief Services","Conflict Prevention & Peacebuilding","Kapoeta North"
"Catholic Relief Services","Conflict Prevention & Peacebuilding","Kapoeta South"
"Catholic Relief Services","Conflict Prevention & Peacebuilding",Torit
"Catholic Relief Services","Conflict Prevention & Peacebuilding",Yambio
"Catholic Relief Services","Conflict Prevention & Peacebuilding","Bor South"
"Catholic Relief Services","Conflict Prevention & Peacebuilding",Awerial
"Catholic Relief Services","Conflict Prevention & Peacebuilding","Rumbek Centre"
CBM,Health,Juba
CBM,Health,"Kajo-keji"
CBM,Health,Lainya
CBM,Health,Morobo
CBM,Health,Terekeka
CBM,Health,Yei
CBM,Protection,Juba
"Centers for International Programs",Health,Juba
"Centers for International Programs",Health,"Kajo-keji"
"Centers for International Programs",Health,Yei
"Centers for International Programs",Health,"Kapoeta East"
"Centers for International Programs",Health,"Kapoeta North"
"Centers for International Programs",Health,"Kapoeta South"
"Centers for International Programs",Health,Magwi
"Centers for International Programs",Health,Torit
"Centers for International Programs",Health,Ezo
"Centers for International Programs",Health,Maridi
"Centers for International Programs",Health,"Mundri East"
"Centers for International Programs",Health,"Mundri West"
"Centers for International Programs",Health,Nzara
"Centers for International Programs",Health,Tambura
"Centers for International Programs",Health,Yambio
"Centers for International Programs",Health,"Bor South"
"Centers for International Programs",Health,Awerial
"childfund korea (cfk)",Health,Juba
"childfund korea (cfk)",Health,Budi
"childfund korea (cfk)",Health,"Bor South"
"childfund korea (cfk)",Nutrition,Juba
"childfund korea (cfk)",Nutrition,Budi
"childfund korea (cfk)",Nutrition,"Bor South"
"childfund korea (cfk)",Protection,Juba
"childfund korea (cfk)",Protection,Budi
"childfund korea (cfk)",Protection,"Bor South"
"childfund korea (cfk)","Shelter and Non-Food Items",Juba
"childfund korea (cfk)","Shelter and Non-Food Items",Budi
"childfund korea (cfk)","Shelter and Non-Food Items","Bor South"
"childfund korea (cfk)",WASH,Juba
"childfund korea (cfk)",WASH,Budi
"childfund korea (cfk)",WASH,"Bor South"
"ChildFund Korea South Sudan Office",Protection,Juba
"ChildFund Korea South Sudan Office",WASH,Juba
"ChildFund Korea South Sudan Office",WASH,Magwi
Christian Aid,Education,Juba
Christian Aid,Education,Pariang
Christian Aid,Food Security & Livlihoods,Aweil East
Christian Aid,Food Security & Livlihoods,Aweil North
Christian Aid,Food Security & Livlihoods,Jur River
Christian Aid,Food Security & Livlihoods,Raga
Christian Aid,Food Security & Livlihoods,Wau
Christian Aid,Food Security & Livlihoods,Guit
Christian Aid,Food Security & Livlihoods,Leer
Christian Aid,Food Security & Livlihoods,Mayendit
Christian Aid,Food Security & Livlihoods,Panyijiar
Christian Aid,Food Security & Livlihoods,Rubkona
Christian Aid,Protection,Panyijiar
Christian Aid,Shelter & Non-Food Items,Leer
Christian Aid,Shelter & Non-Food Items,Mayendit
Christian Aid,Shelter & Non-Food Items,Panyijiar
Christian Aid,WASH,Aweil North
Christian Aid,WASH,Wau
Christian Aid,WASH,Guit
Christian Aid,WASH,Leer
Christian Aid,WASH,Mayendit
Christian Aid,WASH,Panyijiar
Christian Aid,WASH,Rubkona
Christian Aid,Conflict Prevention & Peacebuilding,Juba
Christian Aid,Conflict Prevention & Peacebuilding,"Bor South"
Christian Aid,Conflict Prevention & Peacebuilding,Aweil Centre
Christian Aid,Conflict Prevention & Peacebuilding,Panyijiar
Christian Mission Aid,Health,Fangak
Christian Mission Aid,Health,Nyirol
Christian Mission Aid,Nutrition,Fangak
Christian Mission Aid,Nutrition,Nyirol
CMMB,Health,Ezo
CMMB,Health,Ibba
CMMB,Health,Mvolo
CMMB,Health,Nzara
CMMB,Health,Yambio
CMMB,Nutrition,Ezo
CMMB,Nutrition,Mvolo
CMMB,Nutrition,Nzara
CMMB,Nutrition,Yambio
CMMB,Protection,Ezo
CMMB,Protection,Nzara
CMMB,Protection,Yambio
CMMB,WASH,Nzara
"Comitato Collaborayjone Medica",Health,Juba
"Comitato Collaborayjone Medica",Health,Awerial
"Comitato Collaborayjone Medica",Health,"Tonj East"
"Comitato Collaborayjone Medica",Health,"Tonj North"
"Comitato Collaborayjone Medica",Health,"Tonj South"
"Comitato Collaborayjone Medica",Health,Twic
"Comitato Collaborayjone Medica",CCCM,Juba
"Comitato Collaborayjone Medica",CCCM,Awerial
"Comitato Collaborayjone Medica",CCCM,"Tonj East"
"Comitato Collaborayjone Medica",CCCM,"Tonj North"
"Comitato Collaborayjone Medica",CCCM,"Tonj South"
"Comitato Collaborayjone Medica",CCCM,Twic
"Comitato Collaborayjone Medica",Nutrition,Juba
"Comitato Collaborayjone Medica",Nutrition,Awerial
"Comitato Collaborayjone Medica",Nutrition,"Tonj East"
"Comitato Collaborayjone Medica",Nutrition,"Tonj North"
"Comitato Collaborayjone Medica",Nutrition,"Tonj South"
"Comitato Collaborayjone Medica",Nutrition,Twic
"Comitato Collaborayjone Medica",WASH,Juba
"Comitato Collaborayjone Medica",WASH,Awerial
"Comitato Collaborayjone Medica",WASH,"Tonj East"
"Comitato Collaborayjone Medica",WASH,"Tonj North"
"Comitato Collaborayjone Medica",WASH,"Tonj South"
"Comitato Collaborayjone Medica",WASH,Twic
Concern Worldwide,Food Security & Livlihoods,Aweil East
Concern Worldwide,Food Security & Livlihoods,Aweil North
Concern Worldwide,Food Security & Livlihoods,Aweil West
Concern Worldwide,Food Security & Livlihoods,Rubkona
Concern Worldwide,Health,Aweil East
Concern Worldwide,Health,Aweil North
Concern Worldwide,Health,Aweil West
Concern Worldwide,Nutrition,Juba
Concern Worldwide,Nutrition,Aweil East
Concern Worldwide,Nutrition,Aweil North
Concern Worldwide,Nutrition,Aweil West
Concern Worldwide,Nutrition,Leer
Concern Worldwide,Nutrition,Rubkona
Concern Worldwide,Shelter & Non-Food Items,Juba
Concern Worldwide,Shelter & Non-Food Items,Rubkona
Concern Worldwide,WASH,Aweil East
Concern Worldwide,WASH,Aweil North
Concern Worldwide,WASH,Aweil West
Concern Worldwide,WASH,Rubkona
"Concordis International Trust","Conflict Prevention & Peacebuilding","Aweil East"
"Concordis International Trust","Conflict Prevention & Peacebuilding","Aweil North"
"Concordis International Trust","Conflict Prevention & Peacebuilding","Aweil West"
"Concordis International Trust","Conflict Prevention & Peacebuilding",Raga
Cordaid International,Emergency Telecoms,Wau
Cordaid International,Emergency Telecoms,Guit
Cordaid International,Emergency Telecoms,Koch
Cordaid International,Emergency Telecoms,Leer
Cordaid International,Emergency Telecoms,Mayendit
Cordaid International,Emergency Telecoms,Fashoda
Cordaid International,Food Security & Livlihoods,Guit
Cordaid International,Food Security & Livlihoods,Koch
Cordaid International,Food Security & Livlihoods,Leer
Cordaid International,Food Security & Livlihoods,Mayendit
Cordaid International,Food Security & Livlihoods,Fashoda
Cordaid International,Health,Budi
Cordaid International,Health,Kapoeta South
Cordaid International,Health,Lafon
Cordaid International,Health,Magwi
Cordaid International,Health,Torit
Cordaid International,Health,Raga
Cordaid International,Health,Wau
Cordaid International,Health,Rubkona
Cordaid International,Health,Malakal
Cordaid International,Health,Melut
Cordaid International,Logistics,Budi
Cordaid International,Logistics,Torit
Cordaid International,Logistics,Fashoda
Cordaid International,Nutrition,Budi
Cordaid International,Nutrition,Kapoeta South
Cordaid International,Nutrition,Guit
Cordaid International,Nutrition,Leer
Cordaid International,Nutrition,Mayendit
Cordaid International,Nutrition,Rubkona
Cordaid International,Shelter & Non-Food Items,Wau
Cordaid International,Shelter & Non-Food Items,Guit
Cordaid International,Shelter & Non-Food Items,Koch
Cordaid International,Shelter & Non-Food Items,Leer
Cordaid International,Shelter & Non-Food Items,Mayendit
Cordaid International,Shelter & Non-Food Items,Fashoda
Cordaid International,WASH,Guit
Cordaid International,WASH,Fashoda
Cordaid International,Conflict Prevention & Peacebuilding,Fashoda
Cordaid International,Conflict Prevention & Peacebuilding,Malakal
Cordaid International,Governance & Rule of Law,Torit
Cordaid International,Governance & Rule of Law,Wau
Cordaid International,Governance & Rule of Law,Rubkona
Cordaid International,Governance & Rule of Law,Melut
"Danish Refugee Council/Danish Demining Group","Food Security & Livlihoods",Guit
"Danish Refugee Council/Danish Demining Group","Food Security & Livlihoods",Pariang
"Danish Refugee Council/Danish Demining Group","Food Security & Livlihoods",Rubkona
"Danish Refugee Council/Danish Demining Group","Food Security & Livlihoods",Fashoda
"Danish Refugee Council/Danish Demining Group","Food Security & Livlihoods",Maban
"Danish Refugee Council/Danish Demining Group","Food Security & Livlihoods",Malakal
"Danish Refugee Council/Danish Demining Group","Food Security & Livlihoods",Melut
"Danish Refugee Council/Danish Demining Group",CCCM,Guit
"Danish Refugee Council/Danish Demining Group",CCCM,Koch
"Danish Refugee Council/Danish Demining Group",CCCM,Pariang
"Danish Refugee Council/Danish Demining Group",CCCM,Rubkona
"Danish Refugee Council/Danish Demining Group",CCCM,Maban
"Danish Refugee Council/Danish Demining Group",CCCM,Malakal
"Danish Refugee Council/Danish Demining Group",CCCM,Melut
"Danish Refugee Council/Danish Demining Group","Mine Action",Lainya
"Danish Refugee Council/Danish Demining Group","Mine Action",Morobo
"Danish Refugee Council/Danish Demining Group","Mine Action",Budi
"Danish Refugee Council/Danish Demining Group","Mine Action","Kapoeta East"
"Danish Refugee Council/Danish Demining Group","Mine Action","Kapoeta North"
"Danish Refugee Council/Danish Demining Group","Mine Action","Kapoeta South"
"Danish Refugee Council/Danish Demining Group","Mine Action","Mundri East"
"Danish Refugee Council/Danish Demining Group","Mine Action","Mundri West"
"Danish Refugee Council/Danish Demining Group","Mine Action",Guit
"Danish Refugee Council/Danish Demining Group","Mine Action",Leer
"Danish Refugee Council/Danish Demining Group","Mine Action",Mayom
"Danish Refugee Council/Danish Demining Group","Mine Action",Maban
"Danish Refugee Council/Danish Demining Group","Mine Action",Malakal
"Danish Refugee Council/Danish Demining Group","Mine Action",Melut
"Danish Refugee Council/Danish Demining Group",Protection,Guit
"Danish Refugee Council/Danish Demining Group",Protection,Koch
"Danish Refugee Council/Danish Demining Group",Protection,Mayom
"Danish Refugee Council/Danish Demining Group",Protection,Pariang
"Danish Refugee Council/Danish Demining Group",Protection,Rubkona
"Danish Refugee Council/Danish Demining Group",Protection,Fashoda
"Danish Refugee Council/Danish Demining Group",Protection,Maban
"Danish Refugee Council/Danish Demining Group",Protection,Malakal
"Danish Refugee Council/Danish Demining Group",Protection,Melut
"Danish Refugee Council/Danish Demining Group","Shelter and Non-Food Items",Pariang
"Danish Refugee Council/Danish Demining Group","Shelter and Non-Food Items",Maban
"Danish Refugee Council/Danish Demining Group","Shelter and Non-Food Items",Malakal
"Danish Refugee Council/Danish Demining Group","Shelter and Non-Food Items",Melut
"Danish Refugee Council/Danish Demining Group","Governance & Rule of Law",Maban
"Diakonie Katastrophenhilfe","Food Security & Livlihoods",Cueibet
"Diakonie Katastrophenhilfe",Nutrition,Cueibet
"Diakonie Katastrophenhilfe","Shelter and Non-Food Items","Twic East"
"Diakonie Katastrophenhilfe","Shelter and Non-Food Items",Duk
"Diakonie Katastrophenhilfe","Shelter and Non-Food Items",Uror
"Diakonie Katastrophenhilfe",WASH,Cueibet
"Diakonie Katastrophenhilfe","Conflict Prevention & Peacebuilding",Magwi
CUAMM,Health,Mundri East
CUAMM,Health,Cueibet
CUAMM,Health,Rumbek Centre
CUAMM,Health,Rumbek East
CUAMM,Health,Rumbek North
CUAMM,Health,Wulu
CUAMM,Health,Yirol West
CUAMM,Nutrition,Mundri East
CUAMM,Nutrition,Cueibet
CUAMM,Nutrition,Rumbek North
CUAMM,Nutrition,Yirol West
CUAMM,Health,Mundri East
CUAMM,Health,Cueibet
CUAMM,Health,Rumbek Centre
CUAMM,Health,Rumbek East
CUAMM,Health,Rumbek North
CUAMM,Health,Wulu
CUAMM,Health,Yirol West
CUAMM,Nutrition,Mundri East
CUAMM,Nutrition,Cueibet
CUAMM,Nutrition,Rumbek North
CUAMM,Nutrition,Yirol West
CUAMM,Health,Mundri East
CUAMM,Health,Awerial
CUAMM,Health,Cueibet
CUAMM,Health,Rumbek Centre
CUAMM,Health,Rumbek East
CUAMM,Health,Rumbek North
CUAMM,Health,Wulu
CUAMM,Health,Yirol East
CUAMM,Health,Yirol West
CUAMM,Health,Panyijiar
CUAMM,Nutrition,Mundri East
CUAMM,Nutrition,Awerial
CUAMM,Nutrition,Cueibet
CUAMM,Nutrition,Rumbek Centre
CUAMM,Nutrition,Rumbek East
CUAMM,Nutrition,Rumbek North
CUAMM,Nutrition,Wulu
CUAMM,Nutrition,Yirol East
CUAMM,Nutrition,Yirol West
CUAMM,Nutrition,Panyijiar
"Dorcas Aid International","Food Security & Livlihoods","Aweil North"
"Dorcas Aid International","Food Security & Livlihoods",Wau
"Dorcas Aid International","Food Security & Livlihoods","Gogrial West"
"Dorcas Aid International",Health,"Gogrial West"
"Dorcas Aid International",Nutrition,Wau
"Dorcas Aid International",Protection,"Aweil North"
"Dorcas Aid International",Protection,Wau
"Dorcas Aid International",WASH,"Aweil North"
"Dorcas Aid International",WASH,Wau
"Dorcas Aid International","Conflict Prevention & Peacebuilding","Aweil North"
"Dorcas Aid International","Conflict Prevention & Peacebuilding",Wau
"Fauna & Flora International","Food Security & Livlihoods",Ezo
"Fauna & Flora International","Food Security & Livlihoods",Nzara
"Fauna & Flora International","Food Security & Livlihoods",Yambio
"Fauna & Flora International","Conflict Prevention & Peacebuilding",Ezo
"Fauna & Flora International","Conflict Prevention & Peacebuilding",Nzara
"Fauna & Flora International","Conflict Prevention & Peacebuilding",Yambio
"Fauna & Flora International","Environment & Natural Resources",Ezo
"Fauna & Flora International","Environment & Natural Resources",Nzara
"Fauna & Flora International","Environment & Natural Resources",Yambio
"FEDERATION HANDICAP INTERNATIONAL","Food Security & Livlihoods",Juba
"FEDERATION HANDICAP INTERNATIONAL","Food Security & Livlihoods","Kajo-keji"
"FEDERATION HANDICAP INTERNATIONAL","Food Security & Livlihoods",Yei
"FEDERATION HANDICAP INTERNATIONAL","Food Security & Livlihoods",Torit
"FEDERATION HANDICAP INTERNATIONAL","Food Security & Livlihoods",Akobo
"FEDERATION HANDICAP INTERNATIONAL","Food Security & Livlihoods","Bor South"
"FEDERATION HANDICAP INTERNATIONAL","Food Security & Livlihoods",Rubkona
"FEDERATION HANDICAP INTERNATIONAL",Health,Juba
"FEDERATION HANDICAP INTERNATIONAL",Health,"Kajo-keji"
"FEDERATION HANDICAP INTERNATIONAL",Health,Yei
"FEDERATION HANDICAP INTERNATIONAL",Health,Torit
"FEDERATION HANDICAP INTERNATIONAL",Health,Maridi
"FEDERATION HANDICAP INTERNATIONAL",Health,Yambio
"FEDERATION HANDICAP INTERNATIONAL",Health,Akobo
"FEDERATION HANDICAP INTERNATIONAL",Health,"Bor South"
"FEDERATION HANDICAP INTERNATIONAL",Health,Pibor
"FEDERATION HANDICAP INTERNATIONAL",Health,Awerial
"FEDERATION HANDICAP INTERNATIONAL",Health,"Rumbek Centre"
"FEDERATION HANDICAP INTERNATIONAL",Health,"Aweil Centre"
"FEDERATION HANDICAP INTERNATIONAL",Health,"Aweil East"
"FEDERATION HANDICAP INTERNATIONAL",Health,"Aweil North"
"FEDERATION HANDICAP INTERNATIONAL",Health,"Aweil South"
"FEDERATION HANDICAP INTERNATIONAL",Health,"Aweil West"
"FEDERATION HANDICAP INTERNATIONAL",Health,Raga
"FEDERATION HANDICAP INTERNATIONAL",Health,Mayendit
"FEDERATION HANDICAP INTERNATIONAL",Health,Rubkona
"FEDERATION HANDICAP INTERNATIONAL",Health,Maban
"FEDERATION HANDICAP INTERNATIONAL",Health,Malakal
"FEDERATION HANDICAP INTERNATIONAL",Health,Melut
"FEDERATION HANDICAP INTERNATIONAL",CCCM,Juba
"FEDERATION HANDICAP INTERNATIONAL",Protection,Juba
"FEDERATION HANDICAP INTERNATIONAL",Protection,Yei
"FEDERATION HANDICAP INTERNATIONAL","Shelter and Non-Food Items",Juba
"FEDERATION HANDICAP INTERNATIONAL","Shelter and Non-Food Items",Yei
"FEDERATION HANDICAP INTERNATIONAL","Shelter and Non-Food Items",Torit
"FEDERATION HANDICAP INTERNATIONAL","Shelter and Non-Food Items",Maridi
"FEDERATION HANDICAP INTERNATIONAL","Shelter and Non-Food Items",Akobo
"FEDERATION HANDICAP INTERNATIONAL","Shelter and Non-Food Items","Bor South"
"FEDERATION HANDICAP INTERNATIONAL","Shelter and Non-Food Items",Mayendit
"FEDERATION HANDICAP INTERNATIONAL","Shelter and Non-Food Items",Rubkona
"FEDERATION HANDICAP INTERNATIONAL","Shelter and Non-Food Items",Maban
"FEDERATION HANDICAP INTERNATIONAL","Shelter and Non-Food Items",Malakal
"FEDERATION HANDICAP INTERNATIONAL","Shelter and Non-Food Items",Melut
"Finn Church Aid (FCA)","Food Security & Livlihoods",Fangak
"Finn Church Aid (FCA)","Food Security & Livlihoods",Pibor
"Finn Church Aid (FCA)","Food Security & Livlihoods",Awerial
"Finn Church Aid (FCA)",Health,Juba
"Finn Church Aid (FCA)","Shelter and Non-Food Items",Fangak
Food for the Hungry,Education,Juba
Food for the Hungry,Education,Akobo
Food for the Hungry,Education,Ayod
Food for the Hungry,Education,"Bor South"
Food for the Hungry,Education,Twic East
Food for the Hungry,Education,Duk
Food for the Hungry,Education,Fangak
Food for the Hungry,Education,"Canal/Pigi"
Food for the Hungry,Education,Nyirol
Food for the Hungry,Education,Pibor
Food for the Hungry,Education,Pochalla
Food for the Hungry,Education,Uror
Food for the Hungry,Education,Fashoda
Food for the Hungry,Education,Longochuk
Food for the Hungry,Education,Maban
Food for the Hungry,Education,Malakal
Food for the Hungry,Education,Maiwut
Food for the Hungry,Education,Melut
Food for the Hungry,Education,Renk
Food for the Hungry,Food Security & Livlihoods,Juba
Food for the Hungry,Food Security & Livlihoods,Mundri East
Food for the Hungry,Food Security & Livlihoods,Mundri West
Food for the Hungry,Food Security & Livlihoods,Mvolo
Food for the Hungry,Food Security & Livlihoods,Fangak
Food for the Hungry,Food Security & Livlihoods,"Canal/Pigi"
Food for the Hungry,Food Security & Livlihoods,Ulang
"German Leprosy and TB Relief Association",Health,Juba
"German Leprosy and TB Relief Association",Health,"Kajo-keji"
"German Leprosy and TB Relief Association",Health,Lainya
"German Leprosy and TB Relief Association",Health,Morobo
"German Leprosy and TB Relief Association",Health,Terekeka
"German Leprosy and TB Relief Association",Health,Yei
"German Leprosy and TB Relief Association",Health,Nagero
"German Leprosy and TB Relief Association",Health,Nzara
"German Leprosy and TB Relief Association",Health,Tambura
"German Leprosy and TB Relief Association",Health,Yambio
"German Leprosy and TB Relief Association",Health,Cueibet
"German Leprosy and TB Relief Association",Health,"Rumbek Centre"
"German Leprosy and TB Relief Association",Health,"Rumbek East"
"German Leprosy and TB Relief Association",Health,"Rumbek North"
"German Leprosy and TB Relief Association",Health,Wulu
"German Leprosy and TB Relief Association",Health,"Yirol East"
"German Leprosy and TB Relief Association",Health,Wau
"GOAL Ireland, South Sudan","Food Security & Livlihoods",Maiwut
"GOAL Ireland, South Sudan","Food Security & Livlihoods",Melut
"GOAL Ireland, South Sudan","Food Security & Livlihoods",Ulang
"GOAL Ireland, South Sudan","Food Security & Livlihoods","Abyei Region"
"GOAL Ireland, South Sudan","Food Security & Livlihoods",Twic
"GOAL Ireland, South Sudan",Health,Maiwut
"GOAL Ireland, South Sudan",Health,Melut
"GOAL Ireland, South Sudan",Health,Ulang
"GOAL Ireland, South Sudan",Health,"Abyei Region"
"GOAL Ireland, South Sudan",Health,Twic
"GOAL Ireland, South Sudan",Nutrition,Maiwut
"GOAL Ireland, South Sudan",Nutrition,Melut
"GOAL Ireland, South Sudan",Nutrition,Ulang
"GOAL Ireland, South Sudan",Nutrition,"Abyei Region"
"GOAL Ireland, South Sudan",Nutrition,Twic
"Good Neighbors International","Food Security & Livlihoods",Yei
"Good Neighbors International",Health,Yei
"Good Neighbors International",WASH,Yei
"HealthNet TPO",Health,"Aweil North"
"HealthNet TPO",Health,"Aweil West"
"HealthNet TPO",Health,"Jur River"
"HealthNet TPO",Health,Raga
"HealthNet TPO",Health,Wau
"HealthNet TPO",Nutrition,"Aweil North"
"HealthNet TPO",Nutrition,"Aweil West"
"HealthNet TPO",Nutrition,"Jur River"
"HealthNet TPO",Nutrition,Raga
"HealthNet TPO",Nutrition,Wau
"HealthNet TPO",Protection,Juba
"HealthNet TPO",Protection,"Jur River"
"HealthNet TPO",Protection,Wau
"HEKS-EPER(Swiss Church Aid)",WASH,Juba
"HEKS-EPER(Swiss Church Aid)",WASH,Lainya
"HEKS-EPER(Swiss Church Aid)",WASH,Morobo
"HEKS-EPER(Swiss Church Aid)",WASH,Terekeka
"HEKS-EPER(Swiss Church Aid)",WASH,Yei
"HEKS-EPER(Swiss Church Aid)",WASH,Mvolo
"HEKS-EPER(Swiss Church Aid)","Conflict Prevention & Peacebuilding",Juba
"HEKS-EPER(Swiss Church Aid)","Conflict Prevention & Peacebuilding",Lainya
"HEKS-EPER(Swiss Church Aid)","Conflict Prevention & Peacebuilding",Morobo
"HEKS-EPER(Swiss Church Aid)","Conflict Prevention & Peacebuilding",Terekeka
"HEKS-EPER(Swiss Church Aid)","Conflict Prevention & Peacebuilding",Yei
"Help - Hilfe zur Selbsthile","Food Security & Livlihoods","Jur River"
"Help - Hilfe zur Selbsthile","Food Security & Livlihoods",Wau
"Help - Hilfe zur Selbsthile","Food Security & Livlihoods","Gogrial West"
"Help - Hilfe zur Selbsthile","Food Security & Livlihoods","Tonj North"
"Help - Hilfe zur Selbsthile","Food Security & Livlihoods",Twic
"Help - Hilfe zur Selbsthile",Nutrition,"Yirol East"
"Help - Hilfe zur Selbsthile",Nutrition,"Yirol West"
"Help - Hilfe zur Selbsthile","Shelter and Non-Food Items",Awerial
"Help - Hilfe zur Selbsthile","Shelter and Non-Food Items","Yirol East"
"Help - Hilfe zur Selbsthile","Shelter and Non-Food Items","Yirol West"
"Help - Hilfe zur Selbsthile",WASH,Awerial
"Help - Hilfe zur Selbsthile",WASH,"Yirol East"
"Help - Hilfe zur Selbsthile",WASH,"Yirol West"
"Help - Hilfe zur Selbsthile",WASH,"Jur River"
"Help - Hilfe zur Selbsthile",WASH,Wau
"Help - Hilfe zur Selbsthile",WASH,"Gogrial West"
"Help - Hilfe zur Selbsthile",WASH,"Tonj North"
"Help - Hilfe zur Selbsthile",WASH,Twic
HelpAge International,Food Security & Livlihoods,Abyei Region
HelpAge International,Food Security & Livlihoods,Tonj North
HelpAge International,Food Security & Livlihoods,Twic
HelpAge International,Protection,Juba
HelpAge International,Protection,Abyei Region
HelpAge International,Protection,Tonj North
HelpAge International,Protection,Twic
HelpAge International,Conflict Prevention & Peacebuilding,Tonj North
"Interchurch Medical Assistance World Health",Health,Juba
"Interchurch Medical Assistance World Health",Health,"Bor South"
"Interchurch Medical Assistance World Health",Health,Wau
"Interchurch Medical Assistance World Health",Nutrition,Ayod
"Interchurch Medical Assistance World Health",Nutrition,Duk
"Interchurch Medical Assistance World Health",Nutrition,Fangak
"Interchurch Medical Assistance World Health",Nutrition,"Canal/Pigi"
"International Aid Services","Food Security & Livlihoods","Aweil East"
"International Aid Services",WASH,"Mundri West"
"International Aid Services",WASH,"Bor South"
"International Aid Services",WASH,"Aweil East"
"International Aid Services",WASH,Pariang
"International Medical Corps",Health,Juba
"International Medical Corps",Health,Akobo
"International Medical Corps",Health,Awerial
"International Medical Corps",Health,Wau
"International Medical Corps",Health,Maban
"International Medical Corps",Health,Malakal
"International Medical Corps",Nutrition,Juba
"International Medical Corps",Nutrition,Maridi
"International Medical Corps",Nutrition,Akobo
"International Medical Corps",Nutrition,Awerial
"International Medical Corps",Nutrition,Wau
"International Medical Corps",Nutrition,Maban
"International Medical Corps",Nutrition,Malakal
"International Medical Corps",Protection,Juba
"International Medical Corps",Protection,Maridi
"International Medical Corps",Protection,Akobo
"International Medical Corps",Protection,Awerial
"International Medical Corps",Protection,Wau
"International Medical Corps",Protection,Mayendit
"International Medical Corps",Protection,Maban
"International Medical Corps",Protection,Malakal
"International Red Cross and Red Crescent Societies",Health,Juba
"International Red Cross and Red Crescent Societies",Health,Terekeka
"International Red Cross and Red Crescent Societies",Health,Yei
"International Red Cross and Red Crescent Societies",Health,"Kapoeta East"
"International Red Cross and Red Crescent Societies",Health,Torit
"International Red Cross and Red Crescent Societies",Health,"Bor South"
"International Red Cross and Red Crescent Societies",Health,"Rumbek North"
"International Red Cross and Red Crescent Societies",Health,"Aweil Centre"
"International Red Cross and Red Crescent Societies",Health,"Aweil East"
"International Red Cross and Red Crescent Societies",Health,"Aweil North"
"International Red Cross and Red Crescent Societies",Health,Malakal
"International Rescue Committee","Food Security & Livlihoods",Panyijar
"International Rescue Committee",Health,Awerial
"International Rescue Committee",Health,Cueibet
"International Rescue Committee",Health,"Rumbek Centre"
"International Rescue Committee",Health,"Aweil East"
"International Rescue Committee",Health,"Aweil South"
"International Rescue Committee",Nutrition,Panyijar
"International Rescue Committee",Nutrition,Rubkona
"International Rescue Committee",Protection,Juba
"International Rescue Committee",Protection,Panyijar
"International Rescue Committee",Protection,Rubkona
"International Rescue Committee","Shelter and Non-Food Items",Juba
ICCO Cooperation,Food Security & Livlihoods,Juba,
ICCO Cooperation,Food Security & Livlihoods,Yei,
ICCO Cooperation,Food Security & Livlihoods,Magwi,
ICCO Cooperation,Food Security & Livlihoods,Torit,
ICCO Cooperation,Food Security & Livlihoods,Maridi,
ICCO Cooperation,Protection,Fangak,
ICCO Cooperation,WASH,Fangak,
ICCO Cooperation,WASH,Luakpiny/Nasir,
ICCO Cooperation,WASH,Ulang,
INTERSOS,Education,Juba
INTERSOS,Education,Yambio
INTERSOS,Education,"Bor South"
INTERSOS,Education,Mayendit
INTERSOS,Education,Mayom
INTERSOS,Education,Rubkona
INTERSOS,Protection,Magwi
INTERSOS,Protection,Akobo
INTERSOS,Protection,"Bor South"
INTERSOS,Protection,Nyirol
INTERSOS,Protection,Pibor
INTERSOS,Protection,Malakal
INTERSOS,Shelter & Non-Food Items,Torit
INTERSOS,Shelter & Non-Food Items,"Bor South"
INTERSOS,WASH,Magwi
INTERSOS,WASH,Ezo
INTERSOS,WASH,Nzara
INTERSOS,WASH,Yambio
"IntraHealth International",Health,Juba
"IntraHealth International",Health,"Kajo-keji"
"IntraHealth International",Health,Yei
"IntraHealth International",Health,Lafon
"IntraHealth International",Health,Magwi
"IntraHealth International",Health,Torit
"IntraHealth International",Health,Yambio
"IntraHealth International",Protection,Juba
"IntraHealth International",Protection,Yei
"IntraHealth International",Protection,Magwi
"IntraHealth International",Protection,Yambio
"Islamic Relief","Food Security & Livlihoods",Juba
"Islamic Relief","Food Security & Livlihoods",Lainya
"Islamic Relief","Food Security & Livlihoods",Terekeka
"Islamic Relief","Food Security & Livlihoods",Yei
"Islamic Relief","Food Security & Livlihoods","Kapoeta East"
"Islamic Relief","Food Security & Livlihoods","Tonj East"
"Islamic Relief","Food Security & Livlihoods","Tonj North"
"Islamic Relief",Nutrition,Juba
"Islamic Relief",Nutrition,Yei
"Islamic Relief",Nutrition,Tambura
"Islamic Relief",WASH,Juba
"Islamic Relief",WASH,Lainya
"Islamic Relief",WASH,Terekeka
"Islamic Relief",WASH,Yei
"Islamic Relief",WASH,"Kapoeta North"
JAPAN INTERNATIONAL VOLUNTEER CENTER,Education,Pariang
JAPAN INTERNATIONAL VOLUNTEER CENTER,Food Security & Livlihoods,Juba
JAPAN INTERNATIONAL VOLUNTEER CENTER,Health,Juba
JAPAN INTERNATIONAL VOLUNTEER CENTER,Education,Pariang
JAPAN INTERNATIONAL VOLUNTEER CENTER,Food Security & Livlihoods,Juba
JAPAN INTERNATIONAL VOLUNTEER CENTER,Health,Juba
Jhpiego,Health,Juba
Jhpiego,Health,Lainya
Jhpiego,Health,Morobo
Jhpiego,Health,Yei
Jhpiego,Health,Ibba
Jhpiego,Health,Maridi
Jhpiego,Health,"Mundri West"
Jhpiego,Health,Nagero
Jhpiego,Health,Tambura
Jhpiego,Health,Yambio
COSV-Comitato di Coordinamento delle Organizzazione per il Servizio Volontario,Health,Ayod,
COSV-Comitato di Coordinamento delle Organizzazione per il Servizio Volontario,Nutrition,Ayod,
Johanniter International Assistance,Food Security & Livlihoods,Jur River
Johanniter International Assistance,Food Security & Livlihoods,Raga
Johanniter International Assistance,Food Security & Livlihoods,Wau
Johanniter International Assistance,Health,Nagero
Johanniter International Assistance,Health,Tambura
Johanniter International Assistance,Nutrition,Jur River
Johanniter International Assistance,Nutrition,Raga
Johanniter International Assistance,Nutrition,Wau
"Joint Aid Manangement","Food Security & Livlihoods","Aweil Centre"
"Joint Aid Manangement","Food Security & Livlihoods","Aweil East"
"Joint Aid Manangement",Nutrition,"Bor South"
"Joint Aid Manangement",Nutrition,Pibor
"Justice Africa","Food Security & Livlihoods",Juba
"Justice Africa",Health,Juba
"Justice Africa",CCCM,Juba
"Justice Africa","Mine Action",Juba
"Justice Africa","Shelter and Non-Food Items",Juba
"Justice Africa","Governance & Rule of Law",Juba
"LIGHT FOR THE WORLD INTERNATIONAL","Food Security & Livlihoods",Maridi
"LIGHT FOR THE WORLD INTERNATIONAL","Food Security & Livlihoods","Mundri East"
"LIGHT FOR THE WORLD INTERNATIONAL","Food Security & Livlihoods","Mundri West"
"LIGHT FOR THE WORLD INTERNATIONAL",Health,Juba
"LIGHT FOR THE WORLD INTERNATIONAL",Health,Lainya
"LIGHT FOR THE WORLD INTERNATIONAL",Health,Morobo
"LIGHT FOR THE WORLD INTERNATIONAL",Health,Yei
"LIGHT FOR THE WORLD INTERNATIONAL",Health,Maridi
"LIGHT FOR THE WORLD INTERNATIONAL",Health,"Mundri East"
"LIGHT FOR THE WORLD INTERNATIONAL",Health,"Mundri West"
"LIGHT FOR THE WORLD INTERNATIONAL",Health,"Rumbek East"
"LIGHT FOR THE WORLD INTERNATIONAL",CCCM,Juba
"LIGHT FOR THE WORLD INTERNATIONAL",Protection,Juba
"Malaria Consortium",Health,Juba
"Malaria Consortium",Health,"Kajo-keji"
"Malaria Consortium",Health,Lainya
"Malaria Consortium",Health,Morobo
"Malaria Consortium",Health,Terekeka
"Malaria Consortium",Health,Yei
"Malaria Consortium",Health,"Aweil Centre"
"Malaria Consortium",Health,"Aweil East"
"Malaria Consortium",Health,"Aweil North"
"Malaria Consortium",Health,"Aweil South"
"Malaria Consortium",Health,"Aweil West"
"Malaria Consortium",Nutrition,"Aweil Centre"
"Malaria Consortium",Nutrition,"Aweil East"
"Malaria Consortium",Nutrition,"Aweil North"
"Malaria Consortium",Nutrition,"Aweil South"
"Malaria Consortium",Nutrition,"Aweil West"
"Malteser International","Food Security & Livlihoods",Juba
"Malteser International","Food Security & Livlihoods",Maridi
"Malteser International","Food Security & Livlihoods","Rumbek Centre"
"Malteser International","Food Security & Livlihoods",Wau
"Malteser International",Health,"Kajo-keji"
"Malteser International",Health,Yei
"Malteser International",Nutrition,Juba
"Malteser International",Nutrition,Maridi
"Malteser International",Nutrition,Wau
"Malteser International",WASH,Juba
"Malteser International",WASH,Wau
"MEDAIR South Sudan",Health,Juba
"MEDAIR South Sudan",Health,Pibor
"MEDAIR South Sudan",Nutrition,Mayendit
"MEDAIR South Sudan",Shelter & Non-Food Items,Juba
"MEDAIR South Sudan",Shelter & Non-Food Items,Leer
"MEDAIR South Sudan",Shelter & Non-Food Items,Malakal
"MEDAIR South Sudan",WASH,Juba
"MEDAIR South Sudan",WASH,Koch
"Medecins Sans Frontieres",Health,Juba
"Medecins Sans Frontieres",Health,Fangak
"Medecins Sans Frontieres",Health,"Aweil Centre"
"Medecins Sans Frontieres",Health,Wau
"Medecins Sans Frontieres",Health,Abiemnhom
"MENNONITE CENTRAL COMMITTEE","Food Security & Livlihoods",Juba
"MENNONITE CENTRAL COMMITTEE","Food Security & Livlihoods","Rumbek Centre"
"MENNONITE CENTRAL COMMITTEE",Health,"Rumbek Centre"
"MENNONITE CENTRAL COMMITTEE",WASH,"Rumbek Centre"
Mines Advisory Group,Mine Action,Terekeka
Mission Aviation Fellowship,Logistics,Juba
Mission Aviation Fellowship,Logistics,Kajo
Mission Aviation Fellowship,Logistics,Yei
Mission Aviation Fellowship,Logistics,Ibba
Mission Aviation Fellowship,Logistics,Maridi
Mission Aviation Fellowship,Logistics,Mundri East
Mission Aviation Fellowship,Logistics,Mundri West
Mission Aviation Fellowship,Logistics,Mvolo
Mission Aviation Fellowship,Logistics,Nzara
Mission Aviation Fellowship,Logistics,Tambura
Mission Aviation Fellowship,Logistics,Yambio
Mission Aviation Fellowship,Logistics,Rumbek Centre
Mission Aviation Fellowship,Logistics,Rumbek East
Mission Aviation Fellowship,Logistics,Rumbek North
Mission Aviation Fellowship,Logistics,Wau
Mission Aviation Fellowship,Logistics,Tonj East
Mission Aviation Fellowship,Logistics,Tonj North
Mission Aviation Fellowship,Logistics,Tonj South
Mission Aviation Fellowship,Logistics,Juba
Mission Aviation Fellowship,Logistics,Maridi
Mission Aviation Fellowship,Logistics,Mvolo
Mission Aviation Fellowship,Logistics,Yambio
Mission Aviation Fellowship,Logistics,Rumbek Centre
Mission Aviation Fellowship,Logistics,Wau
Mission Aviation Fellowship,Logistics,Tonj South
MSF Belgium,Health,Yei
MSF Belgium,Health,Pibor
MSF Belgium,Health,Maban
"NORWEGIAN CHURCH AID",Health,"Kapoeta East"
"NORWEGIAN CHURCH AID",Health,Wau
"NORWEGIAN CHURCH AID","Shelter and Non-Food Items",Juba
"NORWEGIAN CHURCH AID","Shelter and Non-Food Items",Yei
"NORWEGIAN CHURCH AID","Shelter and Non-Food Items",Lafon
"NORWEGIAN CHURCH AID","Shelter and Non-Food Items",Torit
"NORWEGIAN CHURCH AID","Shelter and Non-Food Items","Gogrial West"
"NORWEGIAN CHURCH AID",WASH,Juba
"NORWEGIAN CHURCH AID",WASH,Lafon
"NORWEGIAN CHURCH AID",WASH,Torit
"NORWEGIAN CHURCH AID",WASH,Pibor
"NORWEGIAN CHURCH AID","Conflict Prevention & Peacebuilding",Juba
"NORWEGIAN CHURCH AID","Conflict Prevention & Peacebuilding",Yei
"NORWEGIAN CHURCH AID","Conflict Prevention & Peacebuilding",Lafon
"NORWEGIAN CHURCH AID","Conflict Prevention & Peacebuilding",Torit
"NORWEGIAN CHURCH AID","Conflict Prevention & Peacebuilding",Pibor
"NORWEGIAN CHURCH AID","Conflict Prevention & Peacebuilding",Wau
"Norwegian Peopel's Aid","Food Security & Livlihoods",Juba
"Norwegian Peopel's Aid","Food Security & Livlihoods","Kajo-keji"
"Norwegian Peopel's Aid","Food Security & Livlihoods",Ikotos
"Norwegian Peopel's Aid","Food Security & Livlihoods",Torit
"Norwegian Peopel's Aid","Food Security & Livlihoods",Mvolo
"Norwegian Peopel's Aid","Food Security & Livlihoods",Tambura
"Norwegian Peopel's Aid","Food Security & Livlihoods","Bor South"
"Norwegian Peopel's Aid","Food Security & Livlihoods","Twic East"
"Norwegian Peopel's Aid","Food Security & Livlihoods",Fangak
"Norwegian Peopel's Aid","Food Security & Livlihoods","Canal/Pigi"
"Norwegian Peopel's Aid","Food Security & Livlihoods",Pochalla
"Norwegian Peopel's Aid","Food Security & Livlihoods",Awerial
"Norwegian Peopel's Aid","Food Security & Livlihoods",Cueibet
"Norwegian Peopel's Aid","Food Security & Livlihoods","Rumbek Centre"
"Norwegian Peopel's Aid","Food Security & Livlihoods","Rumbek East"
"Norwegian Peopel's Aid","Food Security & Livlihoods","Rumbek North"
"Norwegian Peopel's Aid","Food Security & Livlihoods",Wulu
"Norwegian Peopel's Aid","Food Security & Livlihoods","Yirol East"
"Norwegian Peopel's Aid","Food Security & Livlihoods","Yirol West"
"Norwegian Peopel's Aid","Food Security & Livlihoods",Guit
"Norwegian Peopel's Aid","Food Security & Livlihoods",Longochuk
"Norwegian Peopel's Aid","Food Security & Livlihoods",Maban
"Norwegian Peopel's Aid","Food Security & Livlihoods",Maiwut
"Norwegian Peopel's Aid",CCCM,Fangak
"Norwegian Peopel's Aid",Nutrition,Juba
"Norwegian Peopel's Aid",Nutrition,Terekeka
"Norwegian Peopel's Aid",Nutrition,"Bor South"
"Norwegian Peopel's Aid",Nutrition,"Twic East"
"Norwegian Peopel's Aid",Nutrition,Pochalla
"Norwegian Peopel's Aid",Nutrition,Awerial
"Norwegian Peopel's Aid",Nutrition,Cueibet
"Norwegian Peopel's Aid",Nutrition,"Rumbek Centre"
"Norwegian Peopel's Aid",Nutrition,"Rumbek East"
"Norwegian Peopel's Aid",Nutrition,"Rumbek North"
"Norwegian Peopel's Aid",Nutrition,Wulu
"Norwegian Peopel's Aid",Nutrition,"Yirol East"
"Norwegian Peopel's Aid",Nutrition,"Yirol West"
"Norwegian Peopel's Aid","Shelter and Non-Food Items",Pochalla
"Norwegian Peopel's Aid","Shelter and Non-Food Items",Cueibet
"Norwegian Peopel's Aid","Shelter and Non-Food Items","Rumbek East"
"Norwegian Peopel's Aid","Shelter and Non-Food Items","Rumbek North"
"Norwegian Peopel's Aid","Shelter and Non-Food Items","Yirol West"
"Norwegian Peopel's Aid","Shelter and Non-Food Items",Longochuk
"Norwegian Peopel's Aid","Shelter and Non-Food Items",Maiwut
"Norwegian Peopel's Aid",WASH,"Rumbek East"
"Norwegian Peopel's Aid","Conflict Prevention & Peacebuilding",Juba
"Norwegian Peopel's Aid","Conflict Prevention & Peacebuilding",Mvolo
"Norwegian Peopel's Aid","Conflict Prevention & Peacebuilding","Rumbek East"
"Norwegian Peopel's Aid","Conflict Prevention & Peacebuilding","Yirol West"
"Norwegian Peopel's Aid","Governance & Rule of Law",Juba
"Norwegian Peopel's Aid","Environment & Natural Resources",Juba
"Norwegian Peopel's Aid","Environment & Natural Resources",Torit
"Norwegian Peopel's Aid","Environment & Natural Resources",Yambio
"Norwegian Peopel's Aid","Environment & Natural Resources","Aweil Centre"
"Norwegian Peopel's Aid","Environment & Natural Resources",Wau
"Norwegian Peopel's Aid","Environment & Natural Resources","Gogrial West"
"OVCI la Nostra Famiglia",Health,Juba
"OVCI la Nostra Famiglia",Nutrition,Juba
"OVCI la Nostra Famiglia",Protection,Juba
"Overseas Developmen Institute","Governance & Rule of Law",Juba
"PEACE WINDS JAPAN",WASH,Juba
"PEACE WINDS JAPAN",WASH,"Bor South"
Permiere Urgence Internationale,Food Security & Livlihoods,Aweil North
Permiere Urgence Internationale,Health,Aweil North
Permiere Urgence Internationale,Health,Gogrial West
Permiere Urgence Internationale,Nutrition,Aweil North
Permiere Urgence Internationale,Nutrition,Gogrial West
"Plan International South Sudan",Education,Lainya
"Plan International South Sudan",Education,Kapoeta East
"Plan International South Sudan",Education,Magwi
"Plan International South Sudan",Education,Torit
"Plan International South Sudan",Education,Pibor
"Plan International South Sudan",Education,Awerial
"Plan International South Sudan",Education,Cueibet
"Plan International South Sudan",Education,Rumbek Centre
"Plan International South Sudan",Education,Rumbek East
"Plan International South Sudan",Education,Rumbek North
"Plan International South Sudan",Education,Wulu
"Plan International South Sudan",Education,Yirol East
"Plan International South Sudan",Education,Yirol West
"Plan International South Sudan",Food Security & Livlihoods,Kapoeta East
"Plan International South Sudan",Food Security & Livlihoods,Kapoeta North
"Plan International South Sudan",Food Security & Livlihoods,Kapoeta South
"Plan International South Sudan",Food Security & Livlihoods,Torit
"Plan International South Sudan",Food Security & Livlihoods,Rumbek Centre
"Plan International South Sudan",Food Security & Livlihoods,Rumbek East
"Plan International South Sudan",Food Security & Livlihoods,Rumbek North
"Plan International South Sudan",Food Security & Livlihoods,Wulu
"Plan International South Sudan",Food Security & Livlihoods,Yirol East
"Plan International South Sudan",Food Security & Livlihoods,Yirol West
"Plan International South Sudan",Logistics,Juba
"Plan International South Sudan",Nutrition,Lainya
"Plan International South Sudan",Nutrition,Yei
"Plan International South Sudan",Nutrition,Kapoeta East
"Plan International South Sudan",Nutrition,Kapoeta North
"Plan International South Sudan",Nutrition,Kapoeta South
"Plan International South Sudan",Nutrition,Torit
"Plan International South Sudan",Nutrition,Pibor
"Plan International South Sudan",Nutrition,Awerial
"Plan International South Sudan",Nutrition,Rumbek Centre
"Plan International South Sudan",Nutrition,Rumbek East
"Plan International South Sudan",Nutrition,Rumbek North
"Plan International South Sudan",Nutrition,Wulu
"Plan International South Sudan",Nutrition,Yirol East
"Plan International South Sudan",Nutrition,Yirol West
"Polish Humanitarian Action","Shelter and Non-Food Items",Juba
"Polish Humanitarian Action","Shelter and Non-Food Items","Kajo-keji"
"Polish Humanitarian Action","Shelter and Non-Food Items",Lainya
"Polish Humanitarian Action","Shelter and Non-Food Items",Morobo
"Polish Humanitarian Action","Shelter and Non-Food Items",Terekeka
"Polish Humanitarian Action","Shelter and Non-Food Items",Yei
"Polish Humanitarian Action","Shelter and Non-Food Items",Budi
"Polish Humanitarian Action","Shelter and Non-Food Items",Ikotos
"Polish Humanitarian Action","Shelter and Non-Food Items","Kapoeta East"
"Polish Humanitarian Action","Shelter and Non-Food Items","Kapoeta North"
"Polish Humanitarian Action","Shelter and Non-Food Items","Kapoeta South"
"Polish Humanitarian Action","Shelter and Non-Food Items",Lafon
"Polish Humanitarian Action","Shelter and Non-Food Items",Magwi
"Polish Humanitarian Action","Shelter and Non-Food Items",Torit
"Polish Humanitarian Action","Shelter and Non-Food Items",Ezo
"Polish Humanitarian Action","Shelter and Non-Food Items",Ibba
"Polish Humanitarian Action","Shelter and Non-Food Items",Maridi
"Polish Humanitarian Action","Shelter and Non-Food Items","Mundri East"
"Polish Humanitarian Action","Shelter and Non-Food Items","Mundri West"
"Polish Humanitarian Action","Shelter and Non-Food Items",Mvolo
"Polish Humanitarian Action","Shelter and Non-Food Items",Nagero
"Polish Humanitarian Action","Shelter and Non-Food Items",Nzara
"Polish Humanitarian Action","Shelter and Non-Food Items",Tambura
"Polish Humanitarian Action","Shelter and Non-Food Items",Yambio
"Polish Humanitarian Action","Shelter and Non-Food Items",Akobo
"Polish Humanitarian Action","Shelter and Non-Food Items",Ayod
"Polish Humanitarian Action","Shelter and Non-Food Items","Bor South"
"Polish Humanitarian Action","Shelter and Non-Food Items","Twic East"
"Polish Humanitarian Action","Shelter and Non-Food Items",Duk
"Polish Humanitarian Action","Shelter and Non-Food Items",Fangak
"Polish Humanitarian Action","Shelter and Non-Food Items","Canal/Pigi"
"Polish Humanitarian Action","Shelter and Non-Food Items",Nyirol
"Polish Humanitarian Action","Shelter and Non-Food Items",Pibor
"Polish Humanitarian Action","Shelter and Non-Food Items",Pochalla
"Polish Humanitarian Action","Shelter and Non-Food Items",Uror
"Polish Humanitarian Action","Shelter and Non-Food Items",Abiemnhom
"Polish Humanitarian Action","Shelter and Non-Food Items",Guit
"Polish Humanitarian Action","Shelter and Non-Food Items",Koch
"Polish Humanitarian Action","Shelter and Non-Food Items",Leer
"Polish Humanitarian Action","Shelter and Non-Food Items",Mayendit
"Polish Humanitarian Action","Shelter and Non-Food Items",Mayom
"Polish Humanitarian Action","Shelter and Non-Food Items",Pariang
"Polish Humanitarian Action","Shelter and Non-Food Items",Panyijar
"Polish Humanitarian Action","Shelter and Non-Food Items",Rubkona
"Polish Humanitarian Action",WASH,Juba
"Polish Humanitarian Action",WASH,"Kajo-keji"
"Polish Humanitarian Action",WASH,Lainya
"Polish Humanitarian Action",WASH,Morobo
"Polish Humanitarian Action",WASH,Terekeka
"Polish Humanitarian Action",WASH,Yei
"Polish Humanitarian Action",WASH,Budi
"Polish Humanitarian Action",WASH,Ikotos
"Polish Humanitarian Action",WASH,"Kapoeta East"
"Polish Humanitarian Action",WASH,"Kapoeta North"
"Polish Humanitarian Action",WASH,"Kapoeta South"
"Polish Humanitarian Action",WASH,Lafon
"Polish Humanitarian Action",WASH,Magwi
"Polish Humanitarian Action",WASH,Torit
"Polish Humanitarian Action",WASH,Ezo
"Polish Humanitarian Action",WASH,Ibba
"Polish Humanitarian Action",WASH,Maridi
"Polish Humanitarian Action",WASH,"Mundri East"
"Polish Humanitarian Action",WASH,"Mundri West"
"Polish Humanitarian Action",WASH,Mvolo
"Polish Humanitarian Action",WASH,Nagero
"Polish Humanitarian Action",WASH,Nzara
"Polish Humanitarian Action",WASH,Tambura
"Polish Humanitarian Action",WASH,Yambio
"Polish Humanitarian Action",WASH,Akobo
"Polish Humanitarian Action",WASH,Ayod
"Polish Humanitarian Action",WASH,"Bor South"
"Polish Humanitarian Action",WASH,"Twic East"
"Polish Humanitarian Action",WASH,Duk
"Polish Humanitarian Action",WASH,Fangak
"Polish Humanitarian Action",WASH,"Canal/Pigi"
"Polish Humanitarian Action",WASH,Nyirol
"Polish Humanitarian Action",WASH,Pibor
"Polish Humanitarian Action",WASH,Pochalla
"Polish Humanitarian Action",WASH,Uror
"Polish Humanitarian Action",WASH,Abiemnhom
"Polish Humanitarian Action",WASH,Guit
"Polish Humanitarian Action",WASH,Koch
"Polish Humanitarian Action",WASH,Leer
"Polish Humanitarian Action",WASH,Mayendit
"Polish Humanitarian Action",WASH,Mayom
"Polish Humanitarian Action",WASH,Pariang
"Polish Humanitarian Action",WASH,Panyijar
"Polish Humanitarian Action",WASH,Rubkona
"Population Services International",CCCM,Juba
"Population Services International","Mine Action",Yei
"Population Services International","Mine Action","Mundri East"
"Population Services International","Mine Action",Wau
"Population Services International",Protection,Wau
"Real Medicine Foundation",Health,Juba
"Real Medicine Foundation",Health,Ayod
"Real Medicine Foundation",Health,Pibor
"Real Medicine Foundation",Nutrition,Ayod
"Real Medicine Foundation",Nutrition,Pibor
Saferworld,Emergency Telecoms,Juba
Saferworld,Emergency Telecoms,Torit
Saferworld,Emergency Telecoms,Yambio
Saferworld,Emergency Telecoms,Rumbek Centre
Saferworld,Emergency Telecoms,Aweil Centre
Saferworld,Emergency Telecoms,Wau
Saferworld,Emergency Telecoms,Gogrial East
Saferworld,Logistics,Juba
Saferworld,Conflict Prevention & Peacebuilding,Juba
Saferworld,Conflict Prevention & Peacebuilding,Torit
Saferworld,Conflict Prevention & Peacebuilding,Yambio
Saferworld,Conflict Prevention & Peacebuilding,"Bor South"
Saferworld,Conflict Prevention & Peacebuilding,Rumbek Centre
Saferworld,Conflict Prevention & Peacebuilding,Yirol East
Saferworld,Conflict Prevention & Peacebuilding,Yirol West
Saferworld,Conflict Prevention & Peacebuilding,Aweil Centre
Saferworld,Conflict Prevention & Peacebuilding,Gogrial East
Saferworld,Conflict Prevention & Peacebuilding,Tonj East
Saferworld,Conflict Prevention & Peacebuilding,Tonj North
Saferworld,Conflict Prevention & Peacebuilding,Juba
Saferworld,Conflict Prevention & Peacebuilding,Torit
Saferworld,Conflict Prevention & Peacebuilding,Yambio
Saferworld,Conflict Prevention & Peacebuilding,"Bor South"
Saferworld,Conflict Prevention & Peacebuilding,Rumbek Centre
Saferworld,Conflict Prevention & Peacebuilding,Aweil Centre
Saferworld,Conflict Prevention & Peacebuilding,Gogrial East
"Samaritan's Purse","Food Security & Livlihoods","Aweil East"
"Samaritan's Purse","Food Security & Livlihoods","Aweil North"
"Samaritan's Purse","Food Security & Livlihoods",Abiemnhom
"Samaritan's Purse","Food Security & Livlihoods",Mayendit
"Samaritan's Purse","Food Security & Livlihoods",Pariang
"Samaritan's Purse",Health,Maban
"Samaritan's Purse",Nutrition,Mayendit
"Samaritan's Purse",Nutrition,Pariang
"Samaritan's Purse",Nutrition,Maban
"Samaritan's Purse","Shelter and Non-Food Items",Mayendit
"Samaritan's Purse",WASH,Abiemnhom
"Samaritan's Purse",WASH,Mayendit
"Samaritan's Purse",WASH,Mayom
"Samaritan's Purse",WASH,Pariang
"Samaritan's Purse","Conflict Prevention & Peacebuilding",Mayendit
"Samaritan's Purse","Conflict Prevention & Peacebuilding",Maban
"Search For Common Ground",Protection,Juba
"Search For Common Ground",Protection,Terekeka
"Search For Common Ground",Protection,Magwi
"Search For Common Ground",Protection,"Bor South"
"Search For Common Ground",Protection,"Rumbek Centre"
"Search For Common Ground",Protection,Wau
"Search For Common Ground","Conflict Prevention & Peacebuilding",Juba
"Search For Common Ground","Conflict Prevention & Peacebuilding",Terekeka
"Search For Common Ground","Conflict Prevention & Peacebuilding",Yei
"Search For Common Ground","Conflict Prevention & Peacebuilding",Magwi
"Search For Common Ground","Conflict Prevention & Peacebuilding",Torit
"Search For Common Ground","Conflict Prevention & Peacebuilding",Yambio
"Search For Common Ground","Conflict Prevention & Peacebuilding","Bor South"
"Search For Common Ground","Conflict Prevention & Peacebuilding",Awerial
"Search For Common Ground","Conflict Prevention & Peacebuilding","Rumbek Centre"
"Search For Common Ground","Conflict Prevention & Peacebuilding",Wau
"Search For Common Ground","Conflict Prevention & Peacebuilding","Tonj North"
"Search For Common Ground","Governance & Rule of Law",Juba
"Search For Common Ground","Governance & Rule of Law",Terekeka
"Search For Common Ground","Governance & Rule of Law",Yei
"Search For Common Ground","Governance & Rule of Law",Magwi
"Search For Common Ground","Governance & Rule of Law","Bor South"
"Search For Common Ground","Governance & Rule of Law",Awerial
"Search For Common Ground","Governance & Rule of Law","Rumbek Centre"
"Search For Common Ground","Governance & Rule of Law",Wau
"Search For Common Ground","Governance & Rule of Law","Tonj North"
"Sightsavers International",Health,Ezo
"Sightsavers International",Health,Ibba
"Sightsavers International",Health,Maridi
"Sightsavers International",Health,"Mundri East"
"Sightsavers International",Health,"Mundri West"
"Sightsavers International",Health,Mvolo
"Sightsavers International",Health,Nagero
"Sightsavers International",Health,Nzara
"Sightsavers International",Health,Tambura
"Sightsavers International",Health,Yambio
"SIGN OF HOPE","Food Security & Livlihoods","Rumbek Centre"
"SIGN OF HOPE","Food Security & Livlihoods",Panyijar
"SIGN OF HOPE",Health,"Rumbek Centre"
"SIGN OF HOPE",Health,Panyijar
"SIGN OF HOPE",Nutrition,"Rumbek Centre"
"SIGN OF HOPE",Nutrition,Panyijar
"SIGN OF HOPE","Shelter and Non-Food Items",Panyijar
SIL-South Sudan,Education,Juba
SOLIDARITES INTERNATIONAL,WASH,Ayod
SOLIDARITES INTERNATIONAL,WASH,Malakal
SOLIDARITES INTERNATIONAL,WASH,Panyikang
"Stromme Foundation","Food Security & Livlihoods",Juba
"Stromme Foundation","Food Security & Livlihoods","Kajo-keji"
"Stromme Foundation","Food Security & Livlihoods",Lainya
"Stromme Foundation","Food Security & Livlihoods",Morobo
"Stromme Foundation","Food Security & Livlihoods",Terekeka
"Stromme Foundation","Food Security & Livlihoods",Yei
"Stromme Foundation","Conflict Prevention & Peacebuilding",Juba
"Stromme Foundation","Conflict Prevention & Peacebuilding","Kajo-keji"
"Stromme Foundation","Conflict Prevention & Peacebuilding",Lainya
"Stromme Foundation","Conflict Prevention & Peacebuilding",Morobo
"Stromme Foundation","Conflict Prevention & Peacebuilding",Terekeka
"Stromme Foundation","Conflict Prevention & Peacebuilding",Yei
"Stromme Foundation","Conflict Prevention & Peacebuilding","Kapoeta East"
"Stromme Foundation","Environment & Natural Resources",Juba
"Stromme Foundation","Environment & Natural Resources","Kajo-keji"
"Stromme Foundation","Environment & Natural Resources",Lainya
"Stromme Foundation","Environment & Natural Resources",Morobo
"Stromme Foundation","Environment & Natural Resources",Terekeka
"Stromme Foundation","Environment & Natural Resources",Yei
Tearfund,Nutrition,Twic East
Tearfund,Nutrition,Uror
Tearfund,WASH,Twic East
Tearfund,WASH,Uror
Tearfund,Conflict Prevention & Peacebuilding,Juba
Tearfund,Conflict Prevention & Peacebuilding,Kajo
Tearfund,Conflict Prevention & Peacebuilding,Mundri East
Tearfund,Conflict Prevention & Peacebuilding,Mundri West
Tearfund,Conflict Prevention & Peacebuilding,Aweil East
Tearfund,Food Security & Livlihoods,Juba
Tearfund,Food Security & Livlihoods,Kajo
Tearfund,Food Security & Livlihoods,Uror
Tearfund,Food Security & Livlihoods,Aweil East
Tearfund,Logistics,Juba
Tearfund,Logistics,Twic East
Tearfund,Logistics,Uror
Tearfund,Logistics,Aweil East
Tearfund,Nutrition,Juba
Tearfund,Nutrition,"Bor South"
Tearfund,Nutrition,Twic East
Tearfund,Nutrition,Uror
Tearfund,Nutrition,Aweil East
Tearfund,Shelter & Non-Food Items,Juba
Tearfund,Shelter & Non-Food Items,Twic East
Tearfund,Shelter & Non-Food Items,Uror
Tearfund,WASH,Juba
Tearfund,WASH,Twic East
Tearfund,WASH,Uror
Tearfund,WASH,Aweil East
Tearfund,Conflict Prevention & Peacebuilding,Juba
Tearfund,Conflict Prevention & Peacebuilding,Twic East
Tearfund,Conflict Prevention & Peacebuilding,Uror
"The Carter Center",Health,"Gogrial East"
"The Carter Center",Health,"Gogrial West"
"The Carter Center",Health,"Tonj East"
"The Carter Center",Health,"Tonj North"
"The Carter Center",Health,"Tonj South"
"The Carter Center",Health,Twic
"The Carter Center",CCCM,Juba
"The Carter Center",CCCM,"Kapoeta East"
"The Carter Center",CCCM,"Kapoeta North"
"The Carter Center",CCCM,"Kapoeta South"
"The Carter Center",CCCM,Torit
"The Carter Center",CCCM,Mvolo
"The Carter Center",CCCM,Awerial
"The Carter Center",CCCM,Cueibet
"The Carter Center",CCCM,"Rumbek Centre"
"The Carter Center",CCCM,"Rumbek East"
"The Carter Center",CCCM,"Rumbek North"
"The Carter Center",CCCM,Wulu
"The Carter Center",CCCM,"Yirol East"
"The Carter Center",CCCM,"Yirol West"
"The Carter Center",CCCM,"Jur River"
"The Carter Center",CCCM,Wau
"The Carter Center",CCCM,"Gogrial East"
"The Carter Center",CCCM,"Tonj East"
"The Carter Center",CCCM,"Tonj North"
"The Carter Center",CCCM,"Tonj South"
"The Leprosy Mission International",Health,Juba
"The Leprosy Mission International",Health,"Bor South"
"The Leprosy Mission International",Health,"Twic East"
"The Leprosy Mission International",Health,Duk
"The Lutheran World Federation","Food Security & Livlihoods",Ayod
"The Lutheran World Federation","Food Security & Livlihoods","Bor South"
"The Lutheran World Federation","Food Security & Livlihoods","Twic East"
"The Lutheran World Federation","Food Security & Livlihoods",Duk
"The Lutheran World Federation","Food Security & Livlihoods",Uror
"The Lutheran World Federation","Shelter and Non-Food Items",Ayod
"The Lutheran World Federation","Shelter and Non-Food Items","Bor South"
"The Lutheran World Federation","Shelter and Non-Food Items","Twic East"
"The Lutheran World Federation","Shelter and Non-Food Items",Duk
"The Lutheran World Federation","Shelter and Non-Food Items",Uror
"The Lutheran World Federation",WASH,"Twic East"
"The Lutheran World Federation",WASH,Duk
"The Lutheran World Federation","Conflict Prevention & Peacebuilding","Twic East"
"The Lutheran World Federation","Conflict Prevention & Peacebuilding",Duk
The MENTOR Initiative,Health,Maban
The MENTOR Initiative,Health,Malakal
The MENTOR Initiative,WASH,Malakal
United Methodist Committee on Relief (UMCOR),Education,Aweil Centre
United Methodist Committee on Relief (UMCOR),Education,Aweil East
United Methodist Committee on Relief (UMCOR),Education,Aweil North
United Methodist Committee on Relief (UMCOR),Education,Aweil South
United Methodist Committee on Relief (UMCOR),Education,Aweil West
United Methodist Committee on Relief (UMCOR),Food Security & Livlihoods,Yei
United Methodist Committee on Relief (UMCOR),Food Security & Livlihoods,Aweil North
United Methodist Committee on Relief (UMCOR),Food Security & Livlihoods,Aweil West
United Methodist Committee on Relief (UMCOR),Protection,Yei
United Methodist Committee on Relief (UMCOR),Shelter & Non-Food Items,Yei
United Methodist Committee on Relief (UMCOR),WASH,Aweil Centre
United Methodist Committee on Relief (UMCOR),WASH,Aweil North
United Methodist Committee on Relief (UMCOR),WASH,Aweil South
United Methodist Committee on Relief (UMCOR),WASH,Aweil West
United Methodist Committee on Relief (UMCOR),Governance & Rule of Law,Aweil East
United Methodist Committee on Relief (UMCOR),Governance & Rule of Law,Aweil North
"Vanda Aid",Health,Juba
"Veterinaires Sans Frontieres Suisse","Food Security & Livlihoods",Pibor
"Veterinaires Sans Frontieres Suisse","Food Security & Livlihoods","Aweil Centre"
"Veterinaires Sans Frontieres Suisse","Food Security & Livlihoods","Aweil East"
"Veterinaires Sans Frontieres Suisse","Food Security & Livlihoods","Aweil North"
"Veterinaires Sans Frontieres Suisse","Food Security & Livlihoods","Aweil South"
"Veterinaires Sans Frontieres Suisse","Food Security & Livlihoods","Aweil West"
"Veterinaires Sans Frontieres Suisse","Food Security & Livlihoods",Abiemnhom
"Veterinaires Sans Frontieres Suisse","Food Security & Livlihoods",Guit
"Veterinaires Sans Frontieres Suisse","Food Security & Livlihoods",Koch
"Veterinaires Sans Frontieres Suisse","Food Security & Livlihoods",Leer
"Veterinaires Sans Frontieres Suisse","Food Security & Livlihoods",Mayendit
"Veterinaires Sans Frontieres Suisse","Food Security & Livlihoods",Mayom
"Veterinaires Sans Frontieres Suisse","Food Security & Livlihoods",Pariang
"Veterinaires Sans Frontieres Suisse","Food Security & Livlihoods",Panyijar
"Veterinaires Sans Frontieres Suisse","Food Security & Livlihoods",Rubkona
"Veterinaires Sans Frontieres Suisse",Protection,Pibor
"VETERINARIANS WITHOUT BORDERS - CANADA","Food Security & Livlihoods","Aweil East"
"VETERINARIANS WITHOUT BORDERS - CANADA","Food Security & Livlihoods","Aweil North"
"VETERINARIANS WITHOUT BORDERS - CANADA","Food Security & Livlihoods","Aweil West"
"VETERINARIANS WITHOUT BORDERS - CANADA","Food Security & Livlihoods","Gogrial East"
"VETERINARIANS WITHOUT BORDERS - CANADA","Food Security & Livlihoods","Gogrial West"
"VETERINARIANS WITHOUT BORDERS - CANADA","Food Security & Livlihoods","Tonj East"
"VETERINARIANS WITHOUT BORDERS - CANADA","Food Security & Livlihoods","Tonj North"
"Water for South Sudan, Inc.",WASH,"Jur River"
"Water for South Sudan, Inc.",WASH,Wau
"Water for South Sudan, Inc.",WASH,"Gogrial East"
"Water for South Sudan, Inc.",WASH,"Gogrial West"
"Water for South Sudan, Inc.",WASH,"Tonj East"
"Water for South Sudan, Inc.",WASH,"Tonj North"
"Water for South Sudan, Inc.",WASH,"Tonj South"
"Water for South Sudan, Inc.",WASH,Twic
"Wildlife Conservation Society South Sudan Program","Food Security & Livlihoods",Juba
"Wildlife Conservation Society South Sudan Program","Food Security & Livlihoods",Terekeka
"Wildlife Conservation Society South Sudan Program","Food Security & Livlihoods",Lafon
"Wildlife Conservation Society South Sudan Program","Food Security & Livlihoods",Pibor
"Wildlife Conservation Society South Sudan Program","Food Security & Livlihoods",Pochalla
"Wildlife Conservation Society South Sudan Program","Food Security & Livlihoods",Wulu
"Wildlife Conservation Society South Sudan Program","Conflict Prevention & Peacebuilding",Juba
"Wildlife Conservation Society South Sudan Program","Conflict Prevention & Peacebuilding",Terekeka
"Wildlife Conservation Society South Sudan Program","Conflict Prevention & Peacebuilding",Lafon
"Wildlife Conservation Society South Sudan Program","Conflict Prevention & Peacebuilding",Pibor
"Wildlife Conservation Society South Sudan Program","Conflict Prevention & Peacebuilding",Pochalla
"Wildlife Conservation Society South Sudan Program","Conflict Prevention & Peacebuilding",Wulu
"Wildlife Conservation Society South Sudan Program","Governance & Rule of Law",Juba
"Wildlife Conservation Society South Sudan Program","Governance & Rule of Law",Terekeka
"Wildlife Conservation Society South Sudan Program","Governance & Rule of Law",Lafon
"Wildlife Conservation Society South Sudan Program","Governance & Rule of Law",Pibor
"Wildlife Conservation Society South Sudan Program","Governance & Rule of Law",Pochalla
"Wildlife Conservation Society South Sudan Program","Governance & Rule of Law",Wulu
"Wildlife Conservation Society South Sudan Program","Environment & Natural Resources",Juba
"Wildlife Conservation Society South Sudan Program","Environment & Natural Resources",Terekeka
"Wildlife Conservation Society South Sudan Program","Environment & Natural Resources",Lafon
"Wildlife Conservation Society South Sudan Program","Environment & Natural Resources",Pibor
"Wildlife Conservation Society South Sudan Program","Environment & Natural Resources",Pochalla
"Wildlife Conservation Society South Sudan Program","Environment & Natural Resources",Wulu
"ZOA South Sudan","Food Security & Livlihoods",Juba
"ZOA South Sudan","Food Security & Livlihoods",Lainya
"ZOA South Sudan","Food Security & Livlihoods",Terekeka
"ZOA South Sudan","Food Security & Livlihoods",Lafon
"ZOA South Sudan","Food Security & Livlihoods",Torit
"ZOA South Sudan","Food Security & Livlihoods",Akobo
"ZOA South Sudan","Food Security & Livlihoods",Ayod
"ZOA South Sudan","Food Security & Livlihoods","Bor South"
"ZOA South Sudan","Food Security & Livlihoods",Fangak
"ZOA South Sudan","Food Security & Livlihoods","Canal/Pigi"
"ZOA South Sudan","Food Security & Livlihoods",Pibor
"ZOA South Sudan",Nutrition,Fangak
"ZOA South Sudan",Nutrition,"Canal/Pigi"
"ZOA South Sudan",Protection,Fangak
"ZOA South Sudan",Protection,"Canal/Pigi"
"ZOA South Sudan","Shelter and Non-Food Items",Fangak
"ZOA South Sudan","Shelter and Non-Food Items","Canal/Pigi"
"ZOA South Sudan",WASH,Akobo
"ZOA South Sudan",WASH,Ayod
"ZOA South Sudan",WASH,"Bor South"
"ZOA South Sudan",WASH,Fangak
"ZOA South Sudan",WASH,"Canal/Pigi"
"ZOA South Sudan","Conflict Prevention & Peacebuilding",Akobo
"ZOA South Sudan","Conflict Prevention & Peacebuilding","Bor South"
"ZOA South Sudan","Conflict Prevention & Peacebuilding",Pibor
"ZOA South Sudan","Environment & Natural Resources",Lafon
"ZOA South Sudan","Environment & Natural Resources",Torit
"Mercy Corps","Food Security & Livlihoods",Panyijar
"Mercy Corps","Food Security & Livlihoods",Rubkona
"Mercy Corps",WASH,Koch
"Mercy Corps",WASH,Panyijar
"Mercy Corps",WASH,Rubkona
OXFAM,Food Security & Livlihoods,Juba
OXFAM,Food Security & Livlihoods,Akobo
OXFAM,Food Security & Livlihoods,"Bor South"
OXFAM,Food Security & Livlihoods,Nyirol
OXFAM,Food Security & Livlihoods,Pibor
OXFAM,Food Security & Livlihoods,Rumbek Centre
OXFAM,Food Security & Livlihoods,Wau
OXFAM,Protection,Panyijiar
OXFAM,WASH,Juba
OXFAM,WASH,Akobo
OXFAM,WASH,"Bor South"
OXFAM,WASH,Nyirol
OXFAM,WASH,Rumbek Centre
OXFAM,WASH,Panyijiar
OXFAM,Conflict Prevention & Peacebuilding,Juba
OXFAM,Conflict Prevention & Peacebuilding,Rumbek Centre
OXFAM,Governance & Rule of Law,Juba
OXFAM,Governance & Rule of Law,Rumbek Centre
OXFAM,Governance & Rule of Law,Wau
OXFAM,Education,Akobo
OXFAM,Education,Nyirol
OXFAM,Food Security & Livlihoods,Akobo
OXFAM,Food Security & Livlihoods,"Bor South"
OXFAM,Food Security & Livlihoods,Twic East
OXFAM,Food Security & Livlihoods,Duk
OXFAM,Food Security & Livlihoods,Nyirol
OXFAM,Food Security & Livlihoods,Uror
OXFAM,Logistics,Juba
OXFAM,Logistics,Akobo
OXFAM,Logistics,"Bor South"
OXFAM,Logistics,Twic East
OXFAM,Logistics,Duk
OXFAM,Logistics,Nyirol
OXFAM,Logistics,Pibor
OXFAM,Logistics,Uror
OXFAM,Logistics,Rumbek Centre
OXFAM,Logistics,Wau
OXFAM,Logistics,Malakal
OXFAM,Protection,Juba
OXFAM,Protection,Akobo
OXFAM,Protection,"Bor South"
OXFAM,Protection,Twic East
OXFAM,Protection,Duk
OXFAM,Protection,Nyirol
OXFAM,Protection,Pibor
OXFAM,Protection,Uror
OXFAM,Protection,Rumbek Centre
OXFAM,Protection,Wau
OXFAM,Protection,Malakal
OXFAM,Shelter & Non-Food Items,Juba
OXFAM,Shelter & Non-Food Items,Akobo
OXFAM,Shelter & Non-Food Items,"Bor South"
OXFAM,Shelter & Non-Food Items,Twic East
OXFAM,Shelter & Non-Food Items,Duk
OXFAM,Shelter & Non-Food Items,Nyirol
OXFAM,Shelter & Non-Food Items,Pibor
OXFAM,Shelter & Non-Food Items,Rumbek Centre
OXFAM,Shelter & Non-Food Items,Wau
OXFAM,Shelter & Non-Food Items,Malakal
OXFAM,WASH,Juba
OXFAM,WASH,Akobo
OXFAM,WASH,"Bor South"
OXFAM,WASH,Twic East
OXFAM,WASH,Duk
OXFAM,WASH,Nyirol
OXFAM,WASH,Pibor
OXFAM,WASH,Uror
OXFAM,WASH,Rumbek Centre
OXFAM,WASH,Wau
OXFAM,WASH,Malakal
OXFAM,Governance & Rule of Law,Twic East
OXFAM,Governance & Rule of Law,Uror
OXFAM,Governance & Rule of Law,Malakal
OXFAM,Education,Panyijiar
OXFAM,Food Security & Livlihoods,Akobo
OXFAM,Food Security & Livlihoods,"Bor South"
OXFAM,Food Security & Livlihoods,Twic East
OXFAM,Food Security & Livlihoods,Nyirol
OXFAM,Food Security & Livlihoods,Pibor
OXFAM,Food Security & Livlihoods,Rumbek Centre
OXFAM,Food Security & Livlihoods,Wau
OXFAM,Food Security & Livlihoods,Panyijiar
OXFAM,Food Security & Livlihoods,Malakal
OXFAM,Protection,Juba
OXFAM,Protection,Akobo
OXFAM,Protection,Panyijiar
OXFAM,WASH,Juba
OXFAM,WASH,Akobo
OXFAM,WASH,"Bor South"
OXFAM,WASH,Twic East
OXFAM,WASH,Nyirol
OXFAM,WASH,Pibor
OXFAM,WASH,Rumbek Centre
OXFAM,WASH,Wau
OXFAM,WASH,Panyijiar
OXFAM,WASH,Malakal
OXFAM,Conflict Prevention & Peacebuilding,Juba
OXFAM,Governance & Rule of Law,Juba
Relief International,Food Security & Livlihoods,Juba
Relief International,Food Security & Livlihoods,Longochuk
Relief International,Food Security & Livlihoods,Maban
Relief International,Health,Juba
Relief International,Health,Longochuk
Relief International,Health,Maban
Relief International,Nutrition,Juba
Relief International,Nutrition,Longochuk
Relief International,Nutrition,Maban
Relief International,Protection,Juba
Relief International,WASH,Juba
Relief International,WASH,Longochuk
Relief International,WASH,Maban
MAGNA Medical Aid,Health,Juba
MAGNA Medical Aid,Health,Duk
VSF Germany,Food Security & Livlihoods,Akobo
VSF Germany,Food Security & Livlihoods,Ayod
VSF Germany,Food Security & Livlihoods,Twic East
VSF Germany,Food Security & Livlihoods,Nyirol
VSF Germany,Food Security & Livlihoods,Pibor
VSF Germany,Food Security & Livlihoods,Uror
VSF Germany,Food Security & Livlihoods,Cueibet
VSF Germany,Food Security & Livlihoods,Jur River
VSF Germany,Food Security & Livlihoods,Wau
VSF Germany,Food Security & Livlihoods,Luakpiny/Nasir
VSF Germany,Food Security & Livlihoods,Ulang
VSF Germany,Food Security & Livlihoods,Gogrial East
VSF Germany,Food Security & Livlihoods,Gogrial West
VSF Germany,Food Security & Livlihoods,Tonj North
VSF Germany,Food Security & Livlihoods,Twic
VSF Germany,Protection,Pibor
War Child Holland,Education,Juba
War Child Holland,Education,"Bor South"
War Child Holland,Education,Malakal
War Child Holland,Protection,Juba
War Child Holland,Protection,"Bor South"
War Child Holland,Protection,Malakal
Welthungerhilfe,Food Security & Livlihoods,Juba
Welthungerhilfe,Food Security & Livlihoods,Aweil West
Welthungerhilfe,Food Security & Livlihoods,Panyijiar
Welthungerhilfe,Food Security & Livlihoods,Aweil Centre
Welthungerhilfe,Food Security & Livlihoods,Aweil North
Welthungerhilfe,Food Security & Livlihoods,Aweil West
Welthungerhilfe,Food Security & Livlihoods,Panyijiar
Welthungerhilfe,Food Security & Livlihoods,Rubkona
Welthungerhilfe,WASH,Aweil North
Welthungerhilfe,WASH,Aweil West
Welthungerhilfe,WASH,Panyijiar
World Concern Development Organization,Education,Jur River
World Concern Development Organization,Education,Wau
World Concern Development Organization,Education,Gogrial West
World Concern Development Organization,Food Security & Livlihoods,Jur River
World Concern Development Organization,Food Security & Livlihoods,Wau
World Concern Development Organization,Food Security & Livlihoods,Gogrial West
World Concern Development Organization,Nutrition,Jur River
World Concern Development Organization,Protection,Jur River
World Concern Development Organization,Protection,Wau
World Concern Development Organization,Shelter & Non-Food Items,Jur River
World Concern Development Organization,Shelter & Non-Food Items,Wau
World Concern Development Organization,WASH,Jur River
World Concern Development Organization,WASH,Wau
World Concern Development Organization,WASH,Gogrial West
World Concern Development Organization,Conflict Prevention & Peacebuilding,Jur River
World Concern Development Organization,Conflict Prevention & Peacebuilding,Wau
World Relief,Education,Fangak
World Relief,Education,Guit
World Relief,Education,Koch
World Relief,Education,Rubkona
World Relief,Food Security & Livlihoods,Ibba
World Relief,Food Security & Livlihoods,Fangak
World Relief,Food Security & Livlihoods,Koch
World Relief,Health,?abiemnhom
World Relief,Health,Guit
World Relief,Health,Koch
World Relief,Health,Mayom
World Relief,Health,Rubkona
World Relief,Nutrition,Fangak
World Relief,Nutrition,Koch
World Relief,Nutrition,Rubkona
World Relief,WASH,Koch
World Renew,Conflict Prevention & Peacebuilding,Juba,
World Vision,Education,Juba
World Vision,Education,Tambura
World Vision,Education,Yambio
World Vision,Education,Aweil East
World Vision,Education,Melut
World Vision,Education,Gogrial East
World Vision,Education,Gogrial West
World Vision,Education,Tonj East
World Vision,Education,Tonj North
World Vision,Education,Tonj South
World Vision,Food Security & Livlihoods,Juba
World Vision,Food Security & Livlihoods,Nzara
World Vision,Food Security & Livlihoods,Tambura
World Vision,Food Security & Livlihoods,Yambio
World Vision,Food Security & Livlihoods,Aweil East
World Vision,Food Security & Livlihoods,Aweil North
World Vision,Food Security & Livlihoods,Aweil South
World Vision,Food Security & Livlihoods,Fashoda
World Vision,Food Security & Livlihoods,Malakal
World Vision,Food Security & Livlihoods,Manyo
World Vision,Food Security & Livlihoods,Melut
World Vision,Food Security & Livlihoods,Renk
World Vision,Food Security & Livlihoods,Ulang
World Vision,Food Security & Livlihoods,Gogrial East
World Vision,Food Security & Livlihoods,Gogrial West
World Vision,Food Security & Livlihoods,Tonj East
World Vision,Food Security & Livlihoods,Tonj North
World Vision,Food Security & Livlihoods,Tonj South
World Vision,Health,Ezo
World Vision,Health,Yambio
World Vision,Health,Gogrial East
World Vision,Health,Gogrial West
World Vision,Health,Tonj North
World Vision,Nutrition,Juba
World Vision,Nutrition,Ezo
World Vision,Nutrition,Yambio
World Vision,Nutrition,Fashoda
World Vision,Nutrition,Manyo
World Vision,Nutrition,Gogrial East
World Vision,Nutrition,Gogrial West
World Vision,Nutrition,Tonj East
World Vision,Nutrition,Tonj North
World Vision,Nutrition,Twic
World Vision,Protection,Juba
World Vision,Protection,Tambura
World Vision,Protection,Yambio
World Vision,Shelter & Non-Food Items,Juba
World Vision,Shelter & Non-Food Items,Ezo
World Vision,Shelter & Non-Food Items,Yambio
World Vision,Shelter & Non-Food Items,Akobo
World Vision,Shelter & Non-Food Items,Ayod
World Vision,Shelter & Non-Food Items,"Bor South"
World Vision,Shelter & Non-Food Items,Twic East
World Vision,Shelter & Non-Food Items,Duk
World Vision,Shelter & Non-Food Items,Fangak
World Vision,Shelter & Non-Food Items,"Canal/Pigi"
World Vision,Shelter & Non-Food Items,Nyirol
World Vision,Shelter & Non-Food Items,Pibor
World Vision,Shelter & Non-Food Items,Pochalla
World Vision,Shelter & Non-Food Items,Uror
World Vision,Shelter & Non-Food Items,?abiemnhom
World Vision,Shelter & Non-Food Items,Mayom
World Vision,Shelter & Non-Food Items,Baliet
World Vision,Shelter & Non-Food Items,Fashoda
World Vision,Shelter & Non-Food Items,Longochuk
World Vision,Shelter & Non-Food Items,Maban
World Vision,Shelter & Non-Food Items,Malakal
World Vision,Shelter & Non-Food Items,Manyo
World Vision,Shelter & Non-Food Items,Maiwut
World Vision,Shelter & Non-Food Items,Melut
World Vision,Shelter & Non-Food Items,Luakpiny/Nasir
World Vision,Shelter & Non-Food Items,Panyikang
World Vision,Shelter & Non-Food Items,Renk
World Vision,Shelter & Non-Food Items,Ulang
World Vision,Shelter & Non-Food Items,Tonj East
World Vision,Shelter & Non-Food Items,Tonj North
World Vision,Shelter & Non-Food Items,Twic
World Vision,WASH,Ezo
World Vision,WASH,Tambura
World Vision,WASH,Yambio
World Vision,WASH,Fashoda
World Vision,WASH,Malakal
World Vision,WASH,Manyo
World Vision,WASH,Melut
World Vision,WASH,Panyikang
World Vision,WASH,Renk