COUNTRY,ISO3,Earthquake,Flood,Tsunami,Tropical Cyclone,Drought,Natural,Projected Conflict Risk,Current Highly Violent Conflict Intensity,Human,HAZARD & EXPOSURE,Development & Deprivation,Inequality,Aid Dependency,Socio-Economic Vulnerability,Uprooted people,Health Conditions,Children U5,Recent Shocks,Food Security,Other Vulnerable Groups,Vulnerable Groups,VULNERABILITY,DRR,Governance,Institutional,Communication,Physical infrastructure,Access to health care,Infrastructure,LACK OF COPING CAPACITY,INFORM RISK,Rank,Missing Indicators
,,,,,,,,,,,,,,,,,,,,,,,,,,,,,,,,,,
Afghanistan,AFG,9.2,7.1,0,0,8.1,6.2,10,10,10,8.8,6.6,5,8.2,6.6,9.1,1.2,7.2,0.3,7.1,4.7,7.5,7.1,6.3,8.3,7.3,7.9,8.5,8,8.1,7.7,7.8,4,2
,,,,,,,,,,,,,,,,,,,,,,,,,,,,,,,,,,
Albania,ALB,6.2,4.9,7.4,0,7.8,5.8,0.1,0,0.1,3.5,1.8,2,2.2,2,0,0.3,1.3,0.7,3.2,1.4,0.7,1.4,x,5.8,5.8,2.4,1.6,4,2.7,4.4,2.8,120,2
,,,,,,,,,,,,,,,,,,,,,,,,,,,,,,,,,,
Algeria,DZA,5.5,5.4,3.4,0,5,4.1,9.5,0,6.7,5.5,3.3,5.5,0.2,3.1,5.3,0.5,1.4,0,1.7,0.9,3.4,3.3,3.5,6.2,4.9,4.7,4.8,4.2,4.6,4.8,4.4,62,2
,,,,,,,,,,,,,,,,,,,,,,,,,,,,,,,,,,
Angola,AGO,0.1,5,0,0,4.1,2.1,7.7,0,5.4,3.9,6.4,4.4,0.2,4.4,3.7,6.6,6.8,0,4.6,5,4.4,4.4,5.3,7.9,6.6,6.7,8.4,7,7.4,7,4.9,50,2
,,,,,,,,,,,,,,,,,,,,,,,,,,,,,,,,,,
Antigua and Barbuda,ATG,0.4,0.1,0,8.2,0,2.7,0.9,0,0.6,1.7,2.6,x,0.3,1.8,1,0.1,0.6,0,2.3,0.8,0.9,1.4,5.4,5.2,5.3,2.2,0.5,3.2,2,3.8,2.1,145,11
,,,,,,,,,,,,,,,,,,,,,,,,,,,,,,,,,,
Argentina,ARG,5.1,6.6,0,0,3.7,3.5,3.4,0,2.4,3,0.9,4.7,0,1.6,1.7,0.7,0.8,0.2,0,0.4,1.1,1.4,3.8,6.1,5,1.5,2.9,2.1,2.2,3.7,2.5,135,4
,,,,,,,,,,,,,,,,,,,,,,,,,,,,,,,,,,
Armenia,ARM,8,4.7,0,0,5.7,4.4,3.4,0,2.4,3.5,1.8,2.9,2,2.1,5.2,0.6,1.2,0,4.2,1.7,3.7,2.9,7.5,5.9,6.7,2.5,1.4,3.3,2.4,4.9,3.7,91,1
,,,,,,,,,,,,,,,,,,,,,,,,,,,,,,,,,,
Australia,AUS,4,5.3,6.6,4.7,8.1,6,0.1,0,0.1,3.6,0.2,2,0,0.6,4.4,0.3,0.2,0.1,0.9,0.4,2.6,1.7,2.4,2,2.2,1.7,3,0.9,1.9,2.1,2.3,141,5
,,,,,,,,,,,,,,,,,,,,,,,,,,,,,,,,,,
Austria,AUT,4,5.6,0,0,0.5,2.4,0,0,0,1.3,1,1.1,0,0.8,5.8,0.1,0.3,0,0.3,0.2,3.5,2.3,2,2.2,2.1,1.5,0,1.5,1,1.6,1.7,164,6
,,,,,,,,,,,,,,,,,,,,,,,,,,,,,,,,,,
Azerbaijan,AZE,8.2,4.9,0,0,5.3,4.5,7.8,0,5.5,5,1.7,2,0.2,1.4,9,0.5,1.8,0,1.6,1,6.5,4.4,x,6.4,6.4,2.1,3.6,2.2,2.6,4.8,4.7,58,3
,,,,,,,,,,,,,,,,,,,,,,,,,,,,,,,,,,
Bahamas,BHS,0.1,0.1,0,8.8,3.2,3.6,0,0,0,2,2.5,4,0,2.3,0,3.3,0.9,0.9,1.9,1.8,0.9,1.6,x,3.3,3.3,3,2.2,2.4,2.5,2.9,2.1,145,9
,,,,,,,,,,,,,,,,,,,,,,,,,,,,,,,,,,
Bahrain,BHR,0.1,0.1,0,0,0,0.1,3.6,0,2.5,1.4,1.9,3.5,0,1.8,1.1,0.3,0.5,0,1.7,0.6,0.9,1.4,3.8,4.4,4.1,0.9,0,2.6,1.2,2.8,1.8,161,8
,,,,,,,,,,,,,,,,,,,,,,,,,,,,,,,,,,
Bangladesh,BGD,8.7,10,8.5,7,5.1,8.3,9.3,0,6.5,7.5,5,4.2,0.7,3.7,7,1.8,5.1,2,5.4,3.8,5.6,4.7,3,7,5,6.6,5.1,5.9,5.9,5.5,5.8,24,0
,,,,,,,,,,,,,,,,,,,,,,,,,,,,,,,,,,
Barbados,BRB,0.1,0.1,5.8,4.2,0.5,2.5,0,0,0,1.3,1.3,4.8,0.1,1.9,0,0.9,0.9,0,1.7,0.9,0.5,1.2,2.8,2.6,2.7,2.7,0.2,3.4,2.1,2.4,1.6,170,5
,,,,,,,,,,,,,,,,,,,,,,,,,,,,,,,,,,
Belarus,BLR,0.1,6.1,0,0,3.2,2.3,2.8,0,2,2.2,1.2,1.2,0.3,1,1.5,1.1,0.4,0.1,2.4,1,1.3,1.2,2.8,6.4,4.6,2.1,0.3,1.7,1.4,3.2,2,153,2
,,,,,,,,,,,,,,,,,,,,,,,,,,,,,,,,,,
Belgium,BEL,2.7,4,0,0,0.5,1.6,7.3,0,5.1,3.5,0.9,0.7,0,0.6,4.7,0.2,0.3,0,0.4,0.2,2.7,1.7,x,2.3,2.3,2,0,0.2,0.7,1.5,2.1,145,7
,,,,,,,,,,,,,,,,,,,,,,,,,,,,,,,,,,
Belize,BLZ,2.3,8.4,3.2,7.2,1.1,5.2,0.1,0,0.1,3,2,5.7,2.3,3,0.9,1,1.4,2.8,2.6,2,1.5,2.3,x,6.3,6.3,4.6,2.9,4.4,4,5.3,3.3,105,4
,,,,,,,,,,,,,,,,,,,,,,,,,,,,,,,,,,
Benin,BEN,0.1,5.5,0,0,0.5,1.5,5.6,0,3.9,2.8,6.9,6.4,3,5.8,0,3.3,5.9,0,4.1,3.6,2,4.2,5.5,6.2,5.9,7.7,7.4,8.4,7.8,7,4.4,62,0
,,,,,,,,,,,,,,,,,,,,,,,,,,,,,,,,,,
Bhutan,BTN,7.4,5.2,0,0,0,3.2,0.2,0,0.1,1.8,3.7,4.8,4.7,4.2,0,1.1,2.7,0,4.4,2.2,1.2,2.8,4.5,4,4.3,5,5.1,5.2,5.1,4.7,2.9,114,3
,,,,,,,,,,,,,,,,,,,,,,,,,,,,,,,,,,
Bolivia,BOL,6.3,6.1,0,0,3.9,3.8,7.7,0,5.4,4.6,2.9,5.9,1.7,3.4,0.9,0.9,2,1,5.1,2.4,1.7,2.6,5.6,6.4,6,3.4,5.6,5.3,4.8,5.4,4,80,0
,,,,,,,,,,,,,,,,,,,,,,,,,,,,,,,,,,
Bosnia and Herzegovina,BIH,6.3,7.3,1.2,0,3.5,4.2,4.8,0,3.4,3.8,1.8,2.4,3.2,2.3,7,0.8,0.4,6.6,2.4,3,5.3,4,x,6.1,6.1,2.5,1.1,3.7,2.4,4.5,4.1,74,3
,,,,,,,,,,,,,,,,,,,,,,,,,,,,,,,,,,
Botswana,BWA,0.1,4.4,0,0,6.5,2.7,0.2,0,0.1,1.5,3.9,7.7,1,4.1,2.1,5.7,3,0,5,3.7,2.9,3.5,5.6,4.1,4.9,4.3,4.8,4.6,4.6,4.8,2.9,114,1
,,,,,,,,,,,,,,,,,,,,,,,,,,,,,,,,,,
Brazil,BRA,2.4,8,0,0,4.5,3.7,7.9,0,5.5,4.7,1.6,6.6,0.1,2.5,1.6,0.6,0.9,3.4,1.3,1.6,1.6,2.1,4.3,5.8,5.1,2.3,3.8,3,3,4.1,3.4,100,0
,,,,,,,,,,,,,,,,,,,,,,,,,,,,,,,,,,
Brunei Darussalam,BRN,0.1,2,4.3,1.4,3.2,2.3,0.1,0,0.1,1.3,1.5,x,0,1,0,1.1,1.5,0,1.6,1.1,0.6,0.8,6,3.4,4.7,2.7,7.2,2.8,4.2,4.5,1.7,164,8
,,,,,,,,,,,,,,,,,,,,,,,,,,,,,,,,,,
Bulgaria,BGR,6.6,4.9,0,0,3.4,3.4,2.3,0,1.6,2.5,2.6,2.8,0,2,4,0.5,0.6,0,2.3,0.9,2.6,2.3,3.2,5.4,4.3,2,1.3,1.8,1.7,3.1,2.6,131,4
,,,,,,,,,,,,,,,,,,,,,,,,,,,,,,,,,,
Burkina Faso,BFA,0.1,4.8,0,0,6.6,2.8,7.6,0,5.3,4.2,9.4,6.1,4.1,7.3,4.4,3.8,6.3,5.6,5.5,5.4,4.9,6.2,3.2,6.2,4.7,8.6,7,6.7,7.4,6.2,5.4,32,0
,,,,,,,,,,,,,,,,,,,,,,,,,,,,,,,,,,
Burundi,BDI,4,4.5,0,0,5.2,3,9.5,8,8,6.1,8.6,4.4,5.8,6.9,6.7,3.3,6.4,0,7.2,4.8,5.8,6.4,4.6,7.6,6.1,7.7,6.1,6.4,6.7,6.4,6.3,16,3
,,,,,,,,,,,,,,,,,,,,,,,,,,,,,,,,,,
Cabo Verde,CPV,0.1,0.1,0,0,6.6,1.9,0.1,0,0.1,1,4.7,5.5,9.3,6.1,0,1.6,1.9,0.1,3.5,1.9,1,4,3.4,4.8,4.1,4,3,5.1,4,4.1,2.5,135,3
,,,,,,,,,,,,,,,,,,,,,,,,,,,,,,,,,,
Cambodia,KHM,0.1,9.5,4.4,4,3.9,5.4,6,0,4.2,4.8,5,3.9,2.6,4.1,0,2.9,3.8,0.9,4.8,3.2,1.7,3,6.8,7.2,7,5.8,6.5,5.6,6,6.5,4.5,59,0
,,,,,,,,,,,,,,,,,,,,,,,,,,,,,,,,,,
Cameroon,CMR,0.8,6,0,0,2.9,2.3,9.9,9,9,6.8,5.8,6.2,1.6,4.9,8,6.3,5.1,0.3,4.3,4.3,6.5,5.8,2.6,6.9,4.8,6.3,6.7,7.8,6.9,6,6.2,18,0
,,,,,,,,,,,,,,,,,,,,,,,,,,,,,,,,,,
Canada,CAN,4.7,5.2,6.2,2.5,5.4,4.9,0.8,0,0.6,3,0.6,2,0,0.8,5.8,0.1,0.4,0,0.6,0.3,3.5,2.3,2.8,1.6,2.2,2.4,2.9,1.5,2.3,2.3,2.5,135,6
,,,,,,,,,,,,,,,,,,,,,,,,,,,,,,,,,,
Central African Republic,CAF,0.5,5.7,0,0,0.5,1.7,10,10,10,7.9,8.8,8.3,8.3,8.6,9.3,8.3,7.6,0,9.2,7.3,8.5,8.6,x,8.2,8.2,9.2,8.2,9.9,9.1,8.7,8.4,3,3
,,,,,,,,,,,,,,,,,,,,,,,,,,,,,,,,,,
Chad,TCD,0.1,8.4,0,0,5,3.7,9.3,9,9,7.2,9.4,7,1.9,6.9,8.4,6,8.4,0,8,6.4,7.5,7.2,x,7.9,7.9,9.2,9.8,9.8,9.6,8.9,7.7,5,3
,,,,,,,,,,,,,,,,,,,,,,,,,,,,,,,,,,
Chile,CHL,9.8,5.7,8.9,0,0.3,6.6,1.9,0,1.3,4.5,1.8,5.5,0.2,2.3,1.4,0.5,0.4,3.2,1.8,1.5,1.5,1.9,3.2,2.9,3.1,1.7,2.8,3.3,2.6,2.9,2.9,114,2
,,,,,,,,,,,,,,,,,,,,,,,,,,,,,,,,,,
China,CHN,8,8.4,9.2,8.1,4.6,7.9,7.8,0,5.5,6.9,1.9,3.4,0,1.8,5.3,0.5,0.8,1.4,2.3,1.3,3.6,2.7,2.5,5.3,3.9,2.9,4.2,3.3,3.5,3.7,4.1,74,0
,,,,,,,,,,,,,,,,,,,,,,,,,,,,,,,,,,
Colombia,COL,8.6,6.9,7.9,4.3,2,6.5,9.1,7,7,6.8,1.9,6.4,0.6,2.7,10,0.5,1,0,2.3,1,7.8,5.8,3,5.8,4.4,2.7,4.3,4,3.7,4.1,5.4,32,0
,,,,,,,,,,,,,,,,,,,,,,,,,,,,,,,,,,
Comoros,COM,0.1,0.1,6.6,2.8,1.1,2.6,0.8,0,0.6,1.7,5.1,7.7,5.4,5.8,0,3.2,4.8,0.6,7.7,4.6,2.6,4.4,7.8,7.9,7.9,6.1,5.2,6.1,5.8,7,3.7,91,7
,,,,,,,,,,,,,,,,,,,,,,,,,,,,,,,,,,
Congo,COG,1.6,7.2,0,0,0.5,2.5,7.8,0,5.5,4.2,4.4,5.9,0.8,3.9,5.9,7.1,3.1,0,7.4,5.1,5.5,4.8,x,7.5,7.5,6,8,7.2,7.1,7.3,5.3,37,1
,,,,,,,,,,,,,,,,,,,,,,,,,,,,,,,,,,
Congo DR,COD,4,7.4,0,0,2,3.3,10,8,8,6.2,7.6,6.7,3.2,6.3,8.5,5.6,6.4,0.2,9.2,6.3,7.6,7,7.5,8,7.8,7.6,8.9,7.8,8.1,8,7,8,5
,,,,,,,,,,,,,,,,,,,,,,,,,,,,,,,,,,
Costa Rica,CRI,9.6,3.5,8.7,2,0.8,6.3,0.1,0,0.1,3.8,2.8,5.4,0.2,2.8,2.5,0.3,0.5,0.3,2.2,0.9,1.7,2.3,1.5,4.4,3,2.2,2.2,3.5,2.6,2.8,2.9,114,1
,,,,,,,,,,,,,,,,,,,,,,,,,,,,,,,,,,
Côte d'Ivoire,CIV,0.1,5.7,1.4,0,1.1,2,8.5,0,6,4.3,6.7,6.8,1.6,5.5,7.2,5.3,5.3,0,3.8,3.9,5.8,5.7,7.8,6.7,7.3,6.7,7.1,8.9,7.6,7.5,5.7,26,0
,,,,,,,,,,,,,,,,,,,,,,,,,,,,,,,,,,
Croatia,HRV,6.1,6.7,6.7,0,3.4,5,1,0,0.7,3.1,2,1.9,0,1.5,1,0.2,0.3,0.1,2,0.7,0.9,1.2,4.4,4.3,4.4,2.1,0.1,2.1,1.4,3,2.2,142,5
,,,,,,,,,,,,,,,,,,,,,,,,,,,,,,,,,,
Cuba,CUB,5.1,3.8,4.4,8.1,5.2,5.6,1.5,0,1.1,3.7,2.8,4.7,0.3,2.7,0,0.4,0.4,0.4,0.5,0.4,0.2,1.5,2.5,5.2,3.9,4.1,1.8,0.6,2.2,3.1,2.6,131,7
,,,,,,,,,,,,,,,,,,,,,,,,,,,,,,,,,,
Cyprus,CYP,5,0,5.7,0,2.7,3,0.8,0,0.6,1.9,1.5,2,0,1.3,9.1,0.2,0.2,0,2.8,0.9,6.6,4.5,x,3.3,3.3,2.2,0,2.7,1.6,2.5,2.8,120,5
,,,,,,,,,,,,,,,,,,,,,,,,,,,,,,,,,,
Czech Republic,CZE,2.2,5.4,0,0,1.6,2.1,0.1,0,0.1,1.2,1.2,0.8,0,0.8,2.2,0.2,0.3,0,1.6,0.5,1.4,1.1,2.5,3.7,3.1,1.9,0,1,1,2.1,1.4,175,5
,,,,,,,,,,,,,,,,,,,,,,,,,,,,,,,,,,
Denmark,DNK,0.1,2.3,0,0,2.4,1,0,0,0,0.5,0.4,0.8,0,0.4,4.8,0.3,0.3,0,1.1,0.4,2.9,1.7,2.7,1.2,2,1.4,0,0.9,0.8,1.4,1.1,184,5
,,,,,,,,,,,,,,,,,,,,,,,,,,,,,,,,,,
Djibouti,DJI,5,0.4,4.2,0,9.2,4.9,4.5,0,3.2,4.1,5.2,5,6.9,5.6,7.1,5.2,5.8,0,4.2,4.1,5.8,5.7,5.5,6.8,6.2,7.4,5.6,7,6.7,6.5,5.3,37,5
,,,,,,,,,,,,,,,,,,,,,,,,,,,,,,,,,,
Dominica,DMA,1.3,0.1,7.6,5.3,0,3.6,0,0,0,2,3.5,x,5.4,4.1,0,0,1.6,10,2.6,5.5,3.2,3.7,x,4.6,4.6,2.7,1.1,5,2.9,3.8,3,113,13
,,,,,,,,,,,,,,,,,,,,,,,,,,,,,,,,,,
Dominican Republic,DOM,7.2,4.7,5.3,7.9,1.1,5.7,3.7,0,2.6,4.3,2,6,0.3,2.6,0.8,1,1.7,0.1,3.6,1.7,1.3,2,4.6,6.3,5.5,3.3,3,4.6,3.6,4.6,3.4,100,0
,,,,,,,,,,,,,,,,,,,,,,,,,,,,,,,,,,
Ecuador,ECU,9.4,6.8,9,0,2.9,6.8,2.7,0,1.9,4.8,1.9,5.5,0.3,2.4,6.1,0.5,1.6,3.6,3.3,2.3,4.5,3.5,3,6.4,4.7,3.1,4,4.2,3.8,4.3,4.2,69,0
,,,,,,,,,,,,,,,,,,,,,,,,,,,,,,,,,,
Egypt,EGY,6,8.1,6.8,0,3.7,5.5,9.7,7,7,6.3,2.2,4.5,1.1,2.5,6.2,0.3,1.7,0,2.2,1.1,4.1,3.3,4.2,6.5,5.4,4,3.3,3.3,3.5,4.5,4.5,59,1
,,,,,,,,,,,,,,,,,,,,,,,,,,,,,,,,,,
El Salvador,SLV,8.7,3.4,8.2,3.8,3.4,6.1,8.2,7,7,6.6,4.4,5.2,0.6,3.7,8.3,0.6,1.4,4.3,3.5,2.6,6.2,5.1,5.2,5.6,5.4,3.3,2.9,4.1,3.4,4.5,5.3,37,1
,,,,,,,,,,,,,,,,,,,,,,,,,,,,,,,,,,
Equatorial Guinea,GNQ,0.1,2.8,0,0,3.7,1.5,6.4,0,4.5,3.1,5.6,x,0.1,3.8,0,6.2,4.2,0,1.7,3.4,1.9,2.9,x,8,8,4.9,7.2,6.7,6.3,7.2,4,80,9
,,,,,,,,,,,,,,,,,,,,,,,,,,,,,,,,,,
Eritrea,ERI,2.7,5.3,0,0,8.3,4.1,6.1,0,4.3,4.2,8.6,x,0.5,5.9,2.1,1,6.1,0,7.9,4.6,3.5,4.8,x,8.2,8.2,7.9,9.1,5.5,7.5,7.9,5.4,32,10
,,,,,,,,,,,,,,,,,,,,,,,,,,,,,,,,,,
Estonia,EST,0.1,3.6,0,0,0,0.9,0.1,0,0.1,0.5,1.4,2.1,0,1.2,1,1.5,0.2,0,1.6,0.9,1,1.1,x,3,3,0.9,0.1,2,1,2.1,1,186,5
,,,,,,,,,,,,,,,,,,,,,,,,,,,,,,,,,,
Ethiopia,ETH,5.5,6.6,0,0,6.3,4.3,9.4,0,6.6,5.6,9.2,4.7,3,6.5,8,3.4,5.1,5.3,7.1,5.4,6.9,6.7,2.9,6.3,4.6,8.7,8.6,7.8,8.4,6.9,6.4,15,0
,,,,,,,,,,,,,,,,,,,,,,,,,,,,,,,,,,
Fiji,FJI,3.2,0.1,7.5,3.3,2.6,3.8,1.1,0,0.8,2.4,3.4,5,3,3.7,0,0.7,1.5,10,2.7,5.6,3.3,3.5,0.1,5.7,2.9,5,3.4,4.9,4.4,3.7,3.1,108,4
,,,,,,,,,,,,,,,,,,,,,,,,,,,,,,,,,,
Finland,FIN,0.1,0.1,0,0,0,0.1,0,0,0,0.1,1,0.8,0,0.7,3.8,0.1,0.2,0,1.2,0.4,2.3,1.5,2.2,1,1.6,1.3,0.6,0.8,0.9,1.3,0.6,189,6
,,,,,,,,,,,,,,,,,,,,,,,,,,,,,,,,,,
France,FRA,3,6.5,5,0,2.9,3.8,2.1,0,1.5,2.7,1,1.6,0,0.9,6.3,0.2,0.3,0,0.8,0.3,3.9,2.5,2.9,2.6,2.8,2.2,0,1.1,1.1,2,2.4,139,6
,,,,,,,,,,,,,,,,,,,,,,,,,,,,,,,,,,
Gabon,GAB,1.7,4.7,0,0,2.1,1.9,7.1,0,5,3.6,2.5,5.6,1.3,3,1.4,7.2,2.7,0,3,3.7,2.6,2.8,6.7,6.5,6.6,3.4,5.9,7,5.4,6,3.9,83,1
,,,,,,,,,,,,,,,,,,,,,,,,,,,,,,,,,,
Gambia,GMB,0.1,3.3,3.6,0,3.3,2.2,1.5,0,1.1,1.7,6.7,7,4.8,6.3,3.8,4.6,4.5,0,2.8,3.2,3.5,5.1,3,6.7,4.9,6.7,4.2,7.1,6,5.5,3.6,95,0
,,,,,,,,,,,,,,,,,,,,,,,,,,,,,,,,,,
Georgia,GEO,7.8,5.7,0,0,5.4,4.5,4,0,2.8,3.7,1.6,4.5,3.7,2.9,8.4,0.8,0.6,0.2,2.7,1.1,5.9,4.6,4.7,4.4,4.6,2.3,1.1,2.6,2,3.4,3.9,83,2
,,,,,,,,,,,,,,,,,,,,,,,,,,,,,,,,,,
Germany,DEU,2.7,6.1,0,0,0.5,2.2,0.1,0,0.1,1.2,0.5,0.9,0,0.5,6.4,0.1,0.3,0,0.8,0.3,4,2.4,2.7,1.7,2.2,1.8,0,0.2,0.7,1.5,1.6,170,5
,,,,,,,,,,,,,,,,,,,,,,,,,,,,,,,,,,
Ghana,GHA,0.1,5.2,4.2,0,1.1,2.4,3.7,0,2.6,2.5,4.1,5.9,1.7,4,3.5,3.9,3.6,0,1.9,2.5,3,3.5,3.4,5.4,4.4,5.4,6.7,6.2,6.1,5.3,3.6,95,0
,,,,,,,,,,,,,,,,,,,,,,,,,,,,,,,,,,
Greece,GRC,5.9,3.2,8.3,0,2.9,4.7,4.1,0,2.9,3.9,1.3,2.5,0.8,1.5,4.5,0.1,0.4,0.2,1.5,0.6,2.8,2.2,2.3,4.8,3.6,2.2,0,0.9,1,2.4,2.7,126,5
,,,,,,,,,,,,,,,,,,,,,,,,,,,,,,,,,,
Grenada,GRD,0.4,0.1,0,1.5,0.5,0.5,0.1,0,0.1,0.3,3.1,x,3.1,3.1,0,0,0.9,0,2.6,0.9,0.5,1.9,4.7,5.2,5,3.7,0.3,3.1,2.4,3.8,1.3,179,12
,,,,,,,,,,,,,,,,,,,,,,,,,,,,,,,,,,
Guatemala,GTM,9.7,5.5,7.5,4.6,3.6,6.9,6.9,0,4.8,6,5,7,0.7,4.4,7.2,0.7,2.6,2.3,4.7,2.7,5.4,4.9,5.5,6.8,6.2,4.8,4.5,6.4,5.2,5.7,5.5,31,1
,,,,,,,,,,,,,,,,,,,,,,,,,,,,,,,,,,
Guinea,GIN,0.1,5.6,3.8,0,0.8,2.4,6,0,4.2,3.4,8.3,2.2,3.9,5.7,3.1,5.1,5.4,0.1,5.6,4.4,3.8,4.8,5,7.5,6.3,8.5,7.4,9.3,8.4,7.5,5,45,1
,,,,,,,,,,,,,,,,,,,,,,,,,,,,,,,,,,
Guinea-Bissau,GNB,0.1,3.8,4.3,0,2.7,2.4,3.1,0,2.2,2.3,9.2,6.4,4.1,7.2,3.9,7.4,5.5,0,5.3,5.1,4.5,6,7.8,8.2,8,7,7.3,8.4,7.6,7.8,4.8,54,3
,,,,,,,,,,,,,,,,,,,,,,,,,,,,,,,,,,
Guyana,GUY,0.1,4.9,3.9,0,5,3.1,0.6,0,0.4,1.8,2.7,6.9,4.5,4.2,0,2.5,2.5,10,3.1,6,3.6,3.9,x,6.3,6.3,4.5,4,5.2,4.6,5.5,3.4,100,4
,,,,,,,,,,,,,,,,,,,,,,,,,,,,,,,,,,
Haiti,HTI,5.7,4.4,6.1,7.1,4,5.6,7.4,0,5.2,5.4,5.9,8.5,6,6.6,5.5,2.6,4,10,8.8,7.6,6.7,6.7,6.7,8.7,7.7,7.6,6.1,8.3,7.3,7.5,6.5,14,0
,,,,,,,,,,,,,,,,,,,,,,,,,,,,,,,,,,
Honduras,HND,6.6,5.5,7,4.3,5.1,5.8,5.6,0,3.9,4.9,3.5,6.8,2.2,4,7.2,0.5,1.6,3,3.3,2.2,5.2,4.6,5.2,6.8,6,4.5,4.1,4.3,4.3,5.2,4.9,50,1
,,,,,,,,,,,,,,,,,,,,,,,,,,,,,,,,,,
Hungary,HUN,3.8,7.5,0,0,4,3.6,2.5,0,1.8,2.7,1.9,2.1,0,1.5,2.4,0.2,0.5,0,2.5,0.9,1.7,1.6,1.4,4.4,2.9,1.7,0.1,1.6,1.1,2,2.1,145,5
,,,,,,,,,,,,,,,,,,,,,,,,,,,,,,,,,,
Iceland,ISL,5.1,0.1,0,0,0,1.3,0,0,0,0.7,0.8,0.9,0,0.6,1.4,0.1,0.2,0,1.3,0.4,0.9,0.8,x,2.1,2.1,1.6,2.6,0.9,1.7,1.9,1,186,8
,,,,,,,,,,,,,,,,,,,,,,,,,,,,,,,,,,
India,IND,7.9,8.5,8.3,7.6,6.9,7.9,9.5,0,6.7,7.3,5.3,4.9,0.1,3.9,6.3,1.3,6.7,10,4.4,6.9,6.6,5.4,1.8,5.8,3.8,5.6,5.2,5.9,5.6,4.8,5.7,26,0
,,,,,,,,,,,,,,,,,,,,,,,,,,,,,,,,,,
Indonesia,IDN,8.4,8.2,9.6,6.4,3.6,7.8,9.4,0,6.6,7.2,2.3,4.6,0,2.3,1.8,3,3.3,0.2,3.7,2.7,2.3,2.3,3.3,5.7,4.5,3.5,5.3,6.4,5.1,4.8,4.3,66,0
,,,,,,,,,,,,,,,,,,,,,,,,,,,,,,,,,,
Iran,IRN,10,6.6,6,2,7.1,7.2,7.5,0,5.3,6.3,2.8,5,0.1,2.7,8,0.2,1.1,0.2,2,0.9,5.5,4.2,4.4,6.6,5.5,3.8,3.7,3.7,3.7,4.7,5,45,1
,,,,,,,,,,,,,,,,,,,,,,,,,,,,,,,,,,
Iraq,IRQ,7,9.6,0,0,3.9,5.5,10,9,9,7.7,2.6,4.2,1.9,2.8,10,0.8,2.2,0.1,5.1,2.3,8,6,8.4,7.9,8.2,4.6,4.4,6.8,5.3,7,6.9,10,2
,,,,,,,,,,,,,,,,,,,,,,,,,,,,,,,,,,
Ireland,IRL,0.1,3.9,4.5,0,0.5,2,0,0,0,1,0.5,1.7,0,0.7,3,0.4,0.3,0,0.4,0.3,1.7,1.2,x,2.2,2.2,2.3,0.5,1.2,1.3,1.8,1.3,179,6
,,,,,,,,,,,,,,,,,,,,,,,,,,,,,,,,,,
Israel,ISR,6.6,2.4,5.2,0,5.3,4.3,6.4,0,4.5,4.4,0.9,2.9,0,1.2,5,0.1,0.3,0,0.5,0.2,2.9,2.1,x,3.3,3.3,2.3,0,1,1.1,2.3,2.8,120,7
,,,,,,,,,,,,,,,,,,,,,,,,,,,,,,,,,,
Italy,ITA,6.1,5.6,7.6,0,2.9,5,1.9,0,1.3,3.4,1.2,1.7,0,1,5.4,0.4,0.3,0,0.9,0.4,3.3,2.2,2.4,4.9,3.7,1.6,0,1,0.9,2.4,2.6,131,4
,,,,,,,,,,,,,,,,,,,,,,,,,,,,,,,,,,
Jamaica,JAM,3.7,3,0,7.2,2.6,3.7,1.5,0,1.1,2.5,2,5.4,0.6,2.5,0,1.7,0.9,0.8,3.2,1.7,0.9,1.7,3.3,5.3,4.3,3.6,1.9,5.1,3.5,3.9,2.5,135,1
,,,,,,,,,,,,,,,,,,,,,,,,,,,,,,,,,,
Japan,JPN,9.4,3.9,10,10,0.5,8.3,0.9,0,0.6,5.7,0.9,1.8,0,0.9,0.7,0.3,0.5,0.1,2.2,0.8,0.8,0.9,1.9,2,2,1.7,0,1.2,1,1.5,2,153,4
,,,,,,,,,,,,,,,,,,,,,,,,,,,,,,,,,,
Jordan,JOR,6.6,2.8,0,0,6.8,3.9,2.1,0,1.5,2.8,1.7,4.3,7.6,3.8,10,0.1,1.1,0,1.8,0.8,7.7,6.1,6.1,4.7,5.4,2.2,2.5,3,2.6,4.1,4.1,74,2
,,,,,,,,,,,,,,,,,,,,,,,,,,,,,,,,,,
Kazakhstan,KAZ,7.5,5.8,0,0,5,4.3,2.2,0,1.5,3,1.3,2,0.1,1.2,0,1.1,1,0,0.9,0.8,0.4,0.8,3.8,6.1,5,1.6,3.7,1.9,2.4,3.8,2.1,145,3
,,,,,,,,,,,,,,,,,,,,,,,,,,,,,,,,,,
Kenya,KEN,4.2,5.7,5.6,0,7.1,4.9,9.8,7,7,6.1,5.2,6.7,2.6,4.9,8.2,6.2,3.1,1.2,5.6,4.3,6.7,5.9,3.9,6.6,5.3,6.3,8.1,7.5,7.3,6.4,6.1,19,0
,,,,,,,,,,,,,,,,,,,,,,,,,,,,,,,,,,
Kiribati,KIR,0.1,0.1,7.3,0,4.1,3,0.1,0,0.1,1.7,5.5,3.2,10,6.1,0,9,3.8,0.7,0.8,4.7,2.7,4.6,x,6.2,6.2,7.4,4.7,5.4,5.8,6,3.6,95,10
,,,,,,,,,,,,,,,,,,,,,,,,,,,,,,,,,,
Korea DPR,PRK,0.9,7.7,3.2,6.6,2.9,4.8,7.5,0,5.3,5.1,7.4,x,0.1,5,0,4,2.7,10,9.2,7.8,5,5,x,8.8,8.8,6.7,3.1,0.5,3.4,6.9,5.6,30,12
,,,,,,,,,,,,,,,,,,,,,,,,,,,,,,,,,,
Korea Republic of,KOR,0.1,4.7,7.5,8.5,0.3,5.2,2.6,0,1.8,3.7,0.8,1.7,0,0.8,0.3,0.8,0.2,0,0.9,0.5,0.4,0.6,1.5,3.5,2.5,2,0.2,1.6,1.3,1.9,1.6,170,5
,,,,,,,,,,,,,,,,,,,,,,,,,,,,,,,,,,
Kuwait,KWT,5.6,1.2,0,0,3.2,2.3,0.6,0,0.4,1.4,2.1,5.2,0,2.4,1.1,0.4,0.7,0,1.3,0.6,0.9,1.7,x,5.2,5.2,0.8,1.7,1.7,1.4,3.5,2,153,6
,,,,,,,,,,,,,,,,,,,,,,,,,,,,,,,,,,
Kyrgyzstan,KGZ,9.7,5.6,0,0,7.2,5.9,4.5,0,3.2,4.7,2.5,2.7,4.1,3,0.8,1.1,1.1,0.1,2,1.1,1,2.1,3.7,7,5.4,2.7,3.6,4,3.4,4.5,3.5,98,2
,,,,,,,,,,,,,,,,,,,,,,,,,,,,,,,,,,
Lao PDR,LAO,3.7,9.2,0,3.3,2.6,4.7,4.1,0,2.9,3.9,4.5,5.2,2.5,4.2,0,1.6,5.5,0.4,5.9,3.7,2,3.2,6.1,6.7,6.4,6.1,5.7,6.2,6,6.2,4.3,66,1
,,,,,,,,,,,,,,,,,,,,,,,,,,,,,,,,,,
Latvia,LVA,0.1,6.7,0,0,2.1,2.3,0.3,0,0.2,1.3,2,2.4,0,1.6,0.9,0.9,0.6,0,1.5,0.8,0.9,1.3,x,3.8,3.8,1.6,0.8,2.3,1.6,2.8,1.7,164,6
,,,,,,,,,,,,,,,,,,,,,,,,,,,,,,,,,,
Lebanon,LBN,6.5,1.1,6,0,2.6,3.7,7.4,7,7,5.6,2.8,5.1,5.6,4.1,10,0.3,0.8,8.6,1,3.8,8.3,6.7,4.7,6.5,5.6,2.6,0.8,3.5,2.3,4.1,5.4,32,5
,,,,,,,,,,,,,,,,,,,,,,,,,,,,,,,,,,
Lesotho,LSO,0.1,3.7,0,0,4.6,1.9,3.4,0,2.4,2.2,5.7,7.3,3.2,5.5,0,10,4.6,8.5,3.4,7.6,4.9,5.2,8.4,5.8,7.1,6.6,6.5,5.5,6.2,6.7,4.2,69,2
,,,,,,,,,,,,,,,,,,,,,,,,,,,,,,,,,,
Liberia,LBR,0.1,6.4,5,0,1.1,3,3.2,0,2.2,2.6,7.4,5.8,10,7.7,4.5,4.6,4.4,0.1,7.3,4.6,4.6,6.4,x,7,7,8.5,7.8,9.5,8.6,7.9,5.1,43,3
,,,,,,,,,,,,,,,,,,,,,,,,,,,,,,,,,,
Libya,LBY,5.3,2.6,7.5,0,5,4.6,9.5,10,10,8.4,1.9,1.8,0.8,1.6,8.6,0.7,1.1,0,1.3,0.8,6,4.1,x,8.4,8.4,3.1,5.1,3.6,3.9,6.7,6.1,19,9
,,,,,,,,,,,,,,,,,,,,,,,,,,,,,,,,,,
Liechtenstein,LIE,5.2,0.1,0,0,0,1.3,0.7,0,0.5,0.9,0.7,x,0,0.5,2.3,x,x,0,1,0.5,1.4,1,x,1.6,1.6,1.8,0,x,0.9,1.3,1.1,184,22
,,,,,,,,,,,,,,,,,,,,,,,,,,,,,,,,,,
Lithuania,LTU,0.1,4.7,0,0,3.2,1.8,0,0,0,0.9,1.7,2.1,0,1.4,1.3,1.1,0.4,0,1.2,0.7,1,1.2,x,3.5,3.5,1.4,0.5,1.5,1.1,2.4,1.4,175,6
,,,,,,,,,,,,,,,,,,,,,,,,,,,,,,,,,,
Luxembourg,LUX,0.1,1.9,0,0,0,0.4,0,0,0,0.2,0.9,1.9,0,0.9,2.2,0.1,0.1,0,1,0.3,1.3,1.1,x,1.8,1.8,1,0.1,0.7,0.6,1.2,0.6,189,7
,,,,,,,,,,,,,,,,,,,,,,,,,,,,,,,,,,
Madagascar,MDG,0.1,7.7,7.2,7.4,4,5.9,2,0,1.4,4,7.6,3.9,2.1,5.3,0,2.8,6,0.4,7.4,4.7,2.7,4.1,4.7,7.4,6.1,8.2,9.6,8.1,8.6,7.6,5,45,1
,,,,,,,,,,,,,,,,,,,,,,,,,,,,,,,,,,
Malawi,MWI,4,5.4,0,0.7,6.2,3.7,2.2,0,1.5,2.7,7.1,6.7,6.1,6.8,3,6.5,4.3,10,6.1,7.5,5.7,6.3,4,6.7,5.4,8.5,5.6,7.6,7.2,6.4,4.8,54,0
,,,,,,,,,,,,,,,,,,,,,,,,,,,,,,,,,,
Malaysia,MYS,4.1,6.5,6.2,2.8,3.4,4.8,5.1,0,3.6,4.2,2.6,4.1,0,2.3,5.4,1,1.7,2,1.6,1.6,3.7,3,2.6,3.9,3.3,1.9,2.9,3.8,2.9,3.1,3.4,100,2
,,,,,,,,,,,,,,,,,,,,,,,,,,,,,,,,,,
Maldives,MDV,0.1,0.1,8.9,0,0,3.1,0.2,0,0.1,1.7,2,3.1,1.3,2.1,0,0.5,2.4,0,2.1,1.3,0.7,1.4,5.8,5.7,5.8,1.5,0.2,2.7,1.5,4,2.1,145,3
,,,,,,,,,,,,,,,,,,,,,,,,,,,,,,,,,,
Mali,MLI,0.1,7,0,0,5.8,3.3,10,7,7,5.4,8.6,5.5,4.6,6.8,6.2,3.9,7.5,0,2.9,4.1,5.2,6.1,4.9,6.9,5.9,7.3,7.4,7.8,7.5,6.8,6.1,19,0
,,,,,,,,,,,,,,,,,,,,,,,,,,,,,,,,,,
Malta,MLT,0.1,0.1,7.1,0,0,2.1,0,0,0,1.1,1.7,3,0,1.6,4.6,0.2,0.5,0,1.4,0.5,2.8,2.2,x,3.7,3.7,2,0,0.4,0.8,2.4,1.8,161,7
,,,,,,,,,,,,,,,,,,,,,,,,,,,,,,,,,,
Marshall Islands,MHL,0.1,0.1,6.4,0.3,1.7,2.1,1.5,0,1.1,1.6,6,x,10,7.3,0,6.1,2.9,0.2,4,3.6,2,5.2,7.3,8.1,7.7,7.1,1.2,7.3,5.2,6.6,3.8,88,14
,,,,,,,,,,,,,,,,,,,,,,,,,,,,,,,,,,
Mauritania,MRT,0.1,7.6,3.9,0,8.6,5.1,7.4,0,5.2,5.2,6.1,5.6,3,5.2,6.3,3,5.4,0,3.6,3.2,4.9,5.1,4.8,7,5.9,7.7,8.4,7.5,7.9,7,5.7,26,0
,,,,,,,,,,,,,,,,,,,,,,,,,,,,,,,,,,
Mauritius,MUS,0.1,0.1,5.9,6.8,1.3,3.4,0.1,0,0.1,1.9,2.7,4.2,1.9,2.9,0,1.1,1,0,2.5,1.2,0.6,1.8,3.3,3.7,3.5,2.9,0.3,2.7,2,2.8,2.1,145,4
,,,,,,,,,,,,,,,,,,,,,,,,,,,,,,,,,,
Mexico,MEX,8.5,7.4,6.2,7.7,3.9,7,9.9,9,9,8.2,1.6,5.4,0.1,2.2,6.1,0.3,0.8,0,1.9,0.8,3.9,3.1,5.1,5.6,5.4,3.3,3.5,3,3.3,4.4,4.8,54,0
,,,,,,,,,,,,,,,,,,,,,,,,,,,,,,,,,,
Micronesia,FSM,0.7,0.1,6.7,3.2,2.5,3,0.1,0,0.1,1.7,4.8,x,10,6.5,0,3.5,3,10,4,6.4,3.9,5.3,6,6,6,6.6,3.9,5.4,5.3,5.7,3.7,91,10
,,,,,,,,,,,,,,,,,,,,,,,,,,,,,,,,,,
Moldova Republic of,MDA,5.1,5.9,0,0,6.1,3.9,0.5,0,0.4,2.3,2.2,2.1,3.6,2.5,1,2,0.9,0,2.8,1.5,1.3,1.9,6.2,6.3,6.3,2.6,1.6,3.4,2.5,4.7,2.7,126,1
,,,,,,,,,,,,,,,,,,,,,,,,,,,,,,,,,,
Mongolia,MNG,4.1,4.9,0,0,6.7,3.6,5.2,0,3.6,3.6,1.9,3.3,3.2,2.6,0,1.7,1.1,10,5.2,6.1,3.6,3.1,5.1,6,5.6,3.4,7.1,3,4.5,5.1,3.8,88,1
,,,,,,,,,,,,,,,,,,,,,,,,,,,,,,,,,,
Montenegro,MNE,4.2,4.9,6.9,0,2.1,4,0.3,0,0.2,2.3,1.2,2.2,3.1,1.9,2.5,0.4,0.3,0,2.3,0.8,1.7,1.8,4,5.1,4.6,1.5,0.8,3.7,2,3.4,2.4,139,3
,,,,,,,,,,,,,,,,,,,,,,,,,,,,,,,,,,
Morocco,MAR,3.3,6.1,6.7,0,6.4,4.9,5.8,0,4.1,4.5,3,5.5,1.6,3.3,2,1.1,1.4,2.3,1.8,1.7,1.9,2.6,5.6,5.9,5.8,3.5,4.2,4.6,4.1,5,3.9,83,1
,,,,,,,,,,,,,,,,,,,,,,,,,,,,,,,,,,
Mozambique,MOZ,2.8,6.8,5.9,5.3,7.7,5.9,6.5,0,4.6,5.3,7.9,6.5,5.6,7,2.3,8.6,4.8,4.7,6.5,6.5,4.7,6,2.1,6.7,4.4,8.1,9.4,7.2,8.2,6.7,6,22,0
,,,,,,,,,,,,,,,,,,,,,,,,,,,,,,,,,,
Myanmar,MMR,9.3,10,8.5,5.7,1.1,8,9.8,7,7,7.5,6.4,5.5,1.8,5,7.7,3,4.4,8.6,5.2,5.8,6.9,6,7.1,7.7,7.4,6,5.2,5.9,5.7,6.6,6.7,12,3
,,,,,,,,,,,,,,,,,,,,,,,,,,,,,,,,,,
Namibia,NAM,0.1,5.8,0,0,8.7,4.1,0.5,0,0.4,2.4,4.2,7.2,2.4,4.5,1.9,6.7,3.2,0.2,7,4.8,3.5,4,4.3,4.8,4.6,5.7,6.2,5.8,5.9,5.3,3.7,91,0
,,,,,,,,,,,,,,,,,,,,,,,,,,,,,,,,,,
Nauru,NRU,0.1,0.1,5.4,0,0,1.4,0.3,0,0.2,0.8,3.4,x,10,5.6,4.2,1.3,1.9,0,4,1.9,3.1,4.5,8.1,6.2,7.2,5.7,1.5,5.6,4.3,5.9,2.8,120,15
,,,,,,,,,,,,,,,,,,,,,,,,,,,,,,,,,,
Nepal,NPL,9.9,6.5,0,0.2,2.9,5.5,7.1,0,5,5.3,4.9,4.2,2.2,4.1,5.3,1.1,4.7,10,4.4,6.4,5.9,5.1,5.4,7,6.2,6,5.4,5.1,5.5,5.9,5.4,32,1
,,,,,,,,,,,,,,,,,,,,,,,,,,,,,,,,,,
Netherlands,NLD,1.7,5.8,0,0,0.5,1.9,0,0,0,1,0.4,0.8,0,0.4,5.7,0.1,0.3,0,1.5,0.5,3.5,2.1,1.7,1.3,1.5,1.7,0.1,1,0.9,1.2,1.4,175,6
,,,,,,,,,,,,,,,,,,,,,,,,,,,,,,,,,,
New Zealand,NZL,8.2,3.7,6.7,2.8,2.1,5.2,0,0,0,3,0.6,2.1,0,0.8,1.4,0.1,0.4,0,1.3,0.5,1,0.9,2.6,1.2,1.9,2,3,1.2,2.1,2,1.8,161,9
,,,,,,,,,,,,,,,,,,,,,,,,,,,,,,,,,,
Nicaragua,NIC,8.9,5.5,8.3,3.7,4,6.6,4.4,0,3.1,5.1,3.1,5.6,2.4,3.6,0.8,0.6,1.5,2.2,4,2.2,1.5,2.6,4.7,7,5.9,4.9,4.9,4.6,4.8,5.4,4.2,69,1
,,,,,,,,,,,,,,,,,,,,,,,,,,,,,,,,,,
Niger,NER,0.1,7.1,0,0,8.3,4.2,8.1,9,9,7.3,9.7,5.6,4.7,7.4,7,4.3,7.9,6.9,3.8,6,6.5,7,5.3,6.6,6,9.1,9.3,8.3,8.9,7.7,7.3,7,0
,,,,,,,,,,,,,,,,,,,,,,,,,,,,,,,,,,
Nigeria,NGA,0.1,8.3,0,0,0.5,2.8,10,9,9,6.9,6,4.5,0.4,4.2,7.9,7.1,6.4,0,3.1,4.7,6.6,5.5,2.8,7.4,5.1,6.1,7.7,9.4,7.7,6.6,6.3,16,1
,,,,,,,,,,,,,,,,,,,,,,,,,,,,,,,,,,
Norway,NOR,0.9,0.1,0,0,0,0.2,0,0,0,0.1,0.1,0.6,0,0.2,5.7,0.3,0.2,0,1.1,0.4,3.5,2,2.3,1.4,1.9,1.6,1.9,0.4,1.3,1.6,0.7,188,5
,,,,,,,,,,,,,,,,,,,,,,,,,,,,,,,,,,
Oman,OMN,6,3.7,9.4,3.9,5,6.2,0.5,0,0.4,3.9,2.4,3.7,0,2.1,0.8,0.3,1.4,0.1,1.9,1,0.9,1.5,x,5,5,1.8,3.5,2.4,2.6,3.9,2.8,120,5
,,,,,,,,,,,,,,,,,,,,,,,,,,,,,,,,,,
Pakistan,PAK,8.9,9.1,5.7,3.9,5.7,7.2,10,10,10,9,5.3,4.1,0.7,3.9,8.2,1.8,6.6,0.9,6,4.3,6.7,5.5,4,6.8,5.4,5.8,4.9,7.2,6,5.7,6.6,13,0
,,,,,,,,,,,,,,,,,,,,,,,,,,,,,,,,,,
Palau,PLW,0.3,0.1,7.7,4,0,3.1,0.1,0,0.1,1.7,2.6,x,8.3,4.5,0,0.6,0.9,0,4,1.5,0.8,2.9,5.9,6.2,6.1,3.3,1.6,5.3,3.4,4.9,2.9,114,10
,,,,,,,,,,,,,,,,,,,,,,,,,,,,,,,,,,
Palestine,PSE,5.5,2.3,5.5,0,1.1,3.2,6.3,0,4.4,3.8,2.3,2.4,10,4.3,10,0.1,1,0.4,1.6,0.8,7.7,6.3,5.8,6.1,6,3.1,3.1,1.9,2.7,4.6,4.8,54,8
,,,,,,,,,,,,,,,,,,,,,,,,,,,,,,,,,,
Panama,PAN,6.2,3,8.6,2.1,1.1,4.9,0.2,0,0.1,2.8,2.6,6.4,0.1,2.9,4.4,0.7,1.1,0,2.5,1.1,2.9,2.9,4.3,5.3,4.8,2.5,4.1,3.4,3.3,4.1,3.2,106,1
,,,,,,,,,,,,,,,,,,,,,,,,,,,,,,,,,,
Papua New Guinea,PNG,7,5.2,7.4,2.5,2.5,5.3,5.3,0,3.7,4.5,6.8,6.5,2.7,5.7,3.9,4.1,5.3,10,4,6.9,5.6,5.7,6.7,6.9,6.8,8,9.6,7.7,8.4,7.7,5.8,24,5
,,,,,,,,,,,,,,,,,,,,,,,,,,,,,,,,,,
Paraguay,PRY,0.1,4.8,0,0,3.4,1.9,3.5,0,2.5,2.2,4.2,6.1,0.3,3.7,0,0.5,1.1,2,3.5,1.8,0.9,2.4,3.7,7.1,5.4,3,3.3,4.5,3.6,4.6,2.9,114,1
,,,,,,,,,,,,,,,,,,,,,,,,,,,,,,,,,,
Peru,PER,9.2,6.5,9.1,0,4.8,7,3.6,0,2.5,5.2,1.8,5.2,0.3,2.3,4.9,1,1.1,0.7,2.5,1.4,3.3,2.8,3.6,6,4.8,3.3,4.9,4.6,4.3,4.6,4.1,74,0
,,,,,,,,,,,,,,,,,,,,,,,,,,,,,,,,,,
Philippines,PHL,9.4,7.2,9.1,9.5,4,8.4,9.4,9,9,8.7,2.4,5.1,0.3,2.6,4.4,1.8,3.4,5.3,4.1,3.8,4.1,3.4,3.5,5.6,4.6,3.2,3.2,4.4,3.6,4.1,4.9,50,1
,,,,,,,,,,,,,,,,,,,,,,,,,,,,,,,,,,
Poland,POL,2.2,6.2,0,0,1.6,2.4,0.6,0,0.4,1.5,1.7,1.8,0,1.3,3.2,0.3,0.4,0,1.2,0.5,1.9,1.6,4.3,3.6,4,1.4,0.2,2.4,1.3,2.8,1.9,159,4
,,,,,,,,,,,,,,,,,,,,,,,,,,,,,,,,,,
Portugal,PRT,5.4,3.7,5,0.2,2.7,3.6,0,0,0,2,1.8,2.2,0,1.5,0.8,0.5,0.3,0,1.5,0.6,0.7,1.1,2.6,3.4,3,2.3,0,0.4,0.9,2,1.6,170,5
,,,,,,,,,,,,,,,,,,,,,,,,,,,,,,,,,,
Qatar,QAT,1.4,0,0,0,3.3,1,4.1,0,2.9,2,1.5,7,0,2.5,0.8,0.5,0.6,0,1.1,0.6,0.7,1.6,4.7,3,3.9,1.1,0.2,0,0.4,2.3,1.9,159,8
,,,,,,,,,,,,,,,,,,,,,,,,,,,,,,,,,,
Romania,ROU,8.2,7.1,0,0,3.5,4.7,2.1,0,1.5,3.3,2.4,2.5,0,1.8,1.7,0.9,0.9,0,1.5,0.8,1.3,1.6,3.8,5.4,4.6,2.4,1.2,3.3,2.3,3.5,2.6,131,4
,,,,,,,,,,,,,,,,,,,,,,,,,,,,,,,,,,
Russian Federation,RUS,7.1,8.4,5.4,3.7,5.5,6.3,8.1,0,5.7,6,2.3,3.9,0,2.1,6.2,1.5,0.7,0,1.8,1,4.1,3.2,x,6.2,6.2,1.3,4.2,1.1,2.2,4.5,4.4,62,6
,,,,,,,,,,,,,,,,,,,,,,,,,,,,,,,,,,
Rwanda,RWA,4,4.9,0,0,5.4,3.2,8.8,0,6.2,4.9,7,6,5.9,6.5,6.7,3.2,2.9,0,7.6,4,5.5,6,3,4.8,3.9,7.5,5.3,5.8,6.2,5.2,5.3,37,0
,,,,,,,,,,,,,,,,,,,,,,,,,,,,,,,,,,
Saint Kitts and Nevis,KNA,0.1,0.1,0,6.3,0,1.7,0,0,0,0.9,3,x,10,5.3,0,0.1,0.8,0,2.4,0.9,0.5,3.3,4,5.2,4.6,2.5,0.6,3.9,2.3,3.5,2.2,142,13
,,,,,,,,,,,,,,,,,,,,,,,,,,,,,,,,,,
Saint Lucia,LCA,3.2,0.1,0,4.2,0.5,1.8,0.4,0,0.3,1.1,1.9,x,2,1.9,0,0.2,0.9,0,2.8,1,0.5,1.2,5.2,4,4.6,3.6,0.6,3.8,2.7,3.7,1.7,164,7
,,,,,,,,,,,,,,,,,,,,,,,,,,,,,,,,,,
Saint Vincent and the Grenadines,VCT,0.3,0.1,0,3.6,0.5,1,0.9,0,0.6,0.8,3.5,x,1.2,2.7,0,0.4,1.4,0,2.3,1.1,0.6,1.7,x,4.1,4.1,3.9,1.2,3.8,3,3.6,1.7,164,9
,,,,,,,,,,,,,,,,,,,,,,,,,,,,,,,,,,
Samoa,WSM,0.1,0.1,6.5,3.9,0.5,2.7,0.1,0,0.1,1.5,3.8,5.3,9,5.5,0,0.3,1,0,1.5,0.7,0.4,3.4,4.6,4.5,4.6,3.9,1.8,5.1,3.6,4.1,2.8,120,6
,,,,,,,,,,,,,,,,,,,,,,,,,,,,,,,,,,
Sao Tome and Principe,STP,0.1,0.1,0,0,0,0.1,0.1,0,0.1,0.1,5,1.5,7.5,4.8,0,2.3,3.4,0,4.5,2.7,1.4,3.3,x,6.3,6.3,6.1,3.8,4.2,4.7,5.6,1.2,182,4
,,,,,,,,,,,,,,,,,,,,,,,,,,,,,,,,,,
Saudi Arabia,SAU,2.7,3.9,0,0,5,2.6,7.8,10,10,8,1.7,3.8,0,1.8,0,0.1,1.2,0,1.3,0.7,0.4,1.1,x,4.7,4.7,1.5,3.4,1.5,2.1,3.5,3.1,108,5
,,,,,,,,,,,,,,,,,,,,,,,,,,,,,,,,,,
Senegal,SEN,0.1,5.1,5.6,0,7.6,4.3,6.5,0,4.6,4.5,6.4,5.4,3.7,5.5,4.7,2.8,3.2,1.1,4.8,3.1,3.9,4.8,4.7,5.7,5.2,6.7,6.3,7,6.7,6,5.1,43,0
,,,,,,,,,,,,,,,,,,,,,,,,,,,,,,,,,,
Serbia,SRB,6.6,8.6,0,0,2.7,4.6,6.9,0,4.8,4.7,1.5,1.8,1.7,1.6,7.9,0.3,0.5,5.8,3,2.7,5.9,4.1,4.9,5.4,5.2,2.3,1,3.5,2.3,3.9,4.2,69,1
,,,,,,,,,,,,,,,,,,,,,,,,,,,,,,,,,,
Seychelles,SYC,0.1,0.1,7.9,0,0,2.5,0,0,0,1.3,2.7,4.4,3.4,3.3,0,0.5,0.9,1.2,4.1,1.8,0.9,2.2,4.3,4.4,4.4,2,1,4.9,2.6,3.6,2.2,142,8
,,,,,,,,,,,,,,,,,,,,,,,,,,,,,,,,,,
Sierra Leone,SLE,0.1,5,4.1,0,1.1,2.3,6.5,0,4.6,3.5,8.2,5.5,7.7,7.4,1,5.8,6.7,0.2,5.5,5,3.3,5.7,3.5,7.3,5.4,8.4,8.4,8.7,8.5,7.2,5.2,42,0
,,,,,,,,,,,,,,,,,,,,,,,,,,,,,,,,,,
Singapore,SGP,0.1,0.1,0,0,0,0.1,0.1,0,0.1,0.1,0.6,1.2,0,0.6,0,0.9,0.2,0,1.1,0.6,0.3,0.5,1.2,1.1,1.2,1.2,0,1.6,0.9,1.1,0.4,191,8
,,,,,,,,,,,,,,,,,,,,,,,,,,,,,,,,,,
Slovakia,SVK,5.1,6.7,0,0,2.7,3.4,0.1,0,0.1,1.9,1.6,1.3,0,1.1,1,0.2,0.6,0,2.4,0.8,0.9,1,3.4,4.1,3.8,2.1,0,1.3,1.1,2.6,1.7,164,5
,,,,,,,,,,,,,,,,,,,,,,,,,,,,,,,,,,
Slovenia,SVN,6.4,4,4.9,0,2.2,3.8,0,0,0,2.1,1.1,0.2,0,0.6,1,0.2,0.2,0.6,1.8,0.7,0.9,0.8,0.9,3.5,2.2,1.9,0.1,1.5,1.2,1.7,1.4,175,4
,,,,,,,,,,,,,,,,,,,,,,,,,,,,,,,,,,
Solomon Islands,SLB,6.3,0.1,8.5,4.7,5.1,5.5,1.2,0,0.8,3.5,6.8,5.3,10,7.2,0,1.1,2.4,6,3.5,3.5,1.9,5.1,6.6,7.1,6.9,7.9,7.1,5.5,6.8,6.9,5,45,7
,,,,,,,,,,,,,,,,,,,,,,,,,,,,,,,,,,
Somalia,SOM,1.5,8.1,6.4,1.2,10,6.8,10,10,10,8.9,10,10,8.2,9.6,10,2.9,7.6,10,7.9,7.9,9.2,9.4,x,9.6,9.6,8,8.5,9.3,8.6,9.2,9.2,1,10
,,,,,,,,,,,,,,,,,,,,,,,,,,,,,,,,,,
South Africa,ZAF,0.5,5.2,2.9,0.4,8.7,4.4,6.6,0,4.6,4.5,2.5,7.5,0.5,3.3,5.5,6.7,2.5,2.5,1.7,3.7,4.7,4,3.9,5,4.5,2.6,4.2,5.8,4.2,4.4,4.3,66,0
,,,,,,,,,,,,,,,,,,,,,,,,,,,,,,,,,,
South Sudan,SSD,2.7,8.4,0,0,3.4,3.7,10,10,10,8.2,9.1,x,10,9.4,10,4.2,6.6,0,7.7,5.2,8.5,9,x,8.9,8.9,9.2,9.3,9.6,9.4,9.2,8.8,2,8
,,,,,,,,,,,,,,,,,,,,,,,,,,,,,,,,,,
Spain,ESP,4.3,5.5,6.3,0,5.1,4.5,4,0,2.8,3.7,1.1,2,0,1.1,2.2,0.5,0.3,0,1.7,0.6,1.4,1.3,2.2,3.5,2.9,1.9,0,0.3,0.7,1.9,2.1,145,4
,,,,,,,,,,,,,,,,,,,,,,,,,,,,,,,,,,
Sri Lanka,LKA,0.1,6.2,8.2,3.5,3.4,4.9,3.3,0,2.3,3.7,3,4.2,0.6,2.7,4.7,0.5,3.3,6,5.5,4.1,4.4,3.6,3.6,5.6,4.6,3.9,2.4,4.4,3.6,4.1,3.8,88,1
,,,,,,,,,,,,,,,,,,,,,,,,,,,,,,,,,,
Sudan,SDN,0.1,7.6,0,0,8.8,4.7,10,9,9,7.4,6.3,5.3,1.2,4.8,9.9,1.1,6.4,1.2,0.2,2.7,7.9,6.6,4.9,8.5,6.7,6.4,9.1,6.3,7.3,7,7,8,4
,,,,,,,,,,,,,,,,,,,,,,,,,,,,,,,,,,
Suriname,SUR,0.1,8.6,1.7,0,2.2,3.5,0.1,0,0.1,2,2,6.2,0.9,2.8,0,0.9,1.5,0,3.7,1.6,0.8,1.9,x,5.9,5.9,2.2,4.3,4.9,3.8,4.9,2.7,126,2
,,,,,,,,,,,,,,,,,,,,,,,,,,,,,,,,,,
Swaziland,SWZ,0.1,4,0,0.2,4.6,2,2.6,0,1.8,1.9,4.4,7,2.2,4.5,1.4,6.7,3,0,7.1,4.8,3.3,3.9,4.4,5.9,5.2,5.8,5.3,6.4,5.8,5.5,3.4,100,2
,,,,,,,,,,,,,,,,,,,,,,,,,,,,,,,,,,
Sweden,SWE,0.1,3.3,0,0,1.6,1.1,0,0,0,0.6,0.7,0.7,0,0.5,6.9,0.3,0.2,0,1.4,0.5,4.4,2.7,2.5,1.3,1.9,1.5,0.9,0.2,0.9,1.4,1.3,179,5
,,,,,,,,,,,,,,,,,,,,,,,,,,,,,,,,,,
Switzerland,CHE,3.2,4.3,0,0,1.1,1.9,0.1,0,0.1,1,0.3,1.1,0,0.4,5.9,0.4,0.3,0,0.9,0.4,3.6,2.1,0.9,1.1,1,1.4,0,0.4,0.6,0.8,1.2,182,5
,,,,,,,,,,,,,,,,,,,,,,,,,,,,,,,,,,
Syria,SYR,6.3,5.4,4.4,0,7.3,5.1,9.5,10,10,8.5,3.2,4.9,10,5.3,10,0.3,1.6,0,4,1.6,7.9,6.8,4.6,8.1,6.4,4.3,3,6.5,4.6,5.6,6.9,10,7
,,,,,,,,,,,,,,,,,,,,,,,,,,,,,,,,,,
Tajikistan,TJK,9.7,5.6,0,0,7.7,6.1,8.2,0,5.7,5.9,2.9,3.1,1.8,2.7,1.6,0.8,3.2,0.3,8.3,4.1,2.9,2.8,4.6,7,5.8,3.5,5,3.9,4.1,5,4.4,62,2
,,,,,,,,,,,,,,,,,,,,,,,,,,,,,,,,,,
Tanzania,TZA,4.7,5.9,5.2,0.9,5.2,4.6,7.6,0,5.3,5,6.5,5.3,2.8,5.3,6.3,6.7,3.4,0.2,7.8,5.2,5.8,5.6,3.5,6.7,5.1,7.3,9.2,6,7.5,6.5,5.7,26,0
,,,,,,,,,,,,,,,,,,,,,,,,,,,,,,,,,,
Thailand,THA,3.4,8.9,6.8,4.9,6.1,6.4,6.2,0,4.3,5.4,1.9,4.4,0.1,2.1,5.5,1.8,1.5,0.4,2.9,1.7,3.8,3,4.7,5.3,5,2.5,2.3,4,2.9,4,4,80,0
,,,,,,,,,,,,,,,,,,,,,,,,,,,,,,,,,,
The former Yugoslav Republic of Macedonia,MKD,6.6,4.4,0,0,4.5,3.6,2.5,0,1.8,2.7,1.7,3.5,2.5,2.4,1.3,0.3,0.4,2.6,2.8,1.6,1.5,2,3.8,5.3,4.6,2.1,1.9,3.1,2.4,3.6,2.7,126,1
,,,,,,,,,,,,,,,,,,,,,,,,,,,,,,,,,,
Timor-Leste,TLS,5.7,1.9,5,3.7,0.3,3.6,0.3,0,0.2,2.1,5.8,1.6,6.2,4.9,0,5.2,7,10,6.6,7.8,5,5,6.3,7.3,6.8,7.6,6.8,7.1,7.2,7,4.2,69,4
,,,,,,,,,,,,,,,,,,,,,,,,,,,,,,,,,,
Togo,TGO,0.1,4.4,0,0,2.7,1.6,3.2,0,2.2,1.9,5.9,6.6,2.1,5.1,4.5,4.3,4.8,0,4.2,3.5,4,4.6,9.2,7.2,8.2,7.5,8.3,7.1,7.6,7.9,4.1,74,0
,,,,,,,,,,,,,,,,,,,,,,,,,,,,,,,,,,
Tonga,TON,0.1,0.1,2.8,5.9,0.5,2.2,0.1,0,0.1,1.2,3.6,6.1,10,5.8,0,0.3,0.9,1.3,4,1.7,0.9,3.7,5.8,5.2,5.5,3.4,0.4,6.9,3.6,4.6,2.7,126,8
,,,,,,,,,,,,,,,,,,,,,,,,,,,,,,,,,,
Trinidad and Tobago,TTO,3.9,0.4,0,2.4,4,2.3,0.3,0,0.2,1.3,1.4,5,0,2,0.9,1.9,1.6,0,2.9,1.7,1.3,1.7,4.4,5.3,4.9,1.6,0.6,3.2,1.8,3.5,2,153,4
,,,,,,,,,,,,,,,,,,,,,,,,,,,,,,,,,,
Tunisia,TUN,4.1,3.9,7.2,0,5.3,4.5,6.2,0,4.3,4.4,1.9,3,1.5,2.1,0.8,0.4,0.8,0,1.1,0.6,0.7,1.4,6.4,5.8,6.1,3.3,2.6,3.9,3.3,4.9,3.1,108,1
,,,,,,,,,,,,,,,,,,,,,,,,,,,,,,,,,,
Turkey,TUR,9.3,6.1,6.3,0,3.8,6,9.9,9,9,7.8,2.9,4.3,0.9,2.8,9.2,0.2,0.7,0,1.3,0.6,6.6,5,2.1,5,3.6,2.8,1.8,3.5,2.7,3.2,5,45,2
,,,,,,,,,,,,,,,,,,,,,,,,,,,,,,,,,,
Turkmenistan,TKM,8.5,5.3,0,0,5,4.6,1.6,0,1.1,3,4,x,0.2,2.7,0,1.2,4,0,1.4,1.8,0.9,1.8,x,7.5,7.5,3.1,7.2,3.4,4.6,6.3,3.2,106,9
,,,,,,,,,,,,,,,,,,,,,,,,,,,,,,,,,,
Tuvalu,TUV,0.1,0.1,7.9,0.1,0.5,2.6,1.4,0,1,1.8,6,x,10,7.3,0,3.5,1.3,10,4,6.2,3.7,5.8,x,6.9,6.9,6.7,0.8,5.4,4.3,5.8,3.9,83,15
,,,,,,,,,,,,,,,,,,,,,,,,,,,,,,,,,,
Uganda,UGA,4.5,5.3,0,0,5.4,3.4,8.9,0,6.2,5,7.1,5.8,2.9,5.7,7.7,5.9,3.7,0,6.1,4.3,6.3,6,x,6.7,6.7,7.4,7,6.9,7.1,6.9,5.9,23,1
,,,,,,,,,,,,,,,,,,,,,,,,,,,,,,,,,,
Ukraine,UKR,2.7,7.1,0,0,3.5,3.2,10,9,9,7,1.7,1.9,0.9,1.6,8.9,2.1,0.7,0,2.5,1.4,6.5,4.5,x,6.6,6.6,2.2,1.3,3.7,2.4,4.8,5.3,37,3
,,,,,,,,,,,,,,,,,,,,,,,,,,,,,,,,,,
United Arab Emirates,ARE,9.3,3.9,7.4,1.8,3.7,6,0,0,0,3.6,1.8,3.1,0,1.7,0.9,0,0.5,0,1.2,0.4,0.7,1.2,2.1,2.5,2.3,0.8,1.9,1.8,1.5,1.9,2,153,9
,,,,,,,,,,,,,,,,,,,,,,,,,,,,,,,,,,
United Kingdom,GBR,0.1,4.8,3.7,0,0.5,2.1,3.4,0,2.4,2.3,0.7,2.2,0,0.9,5.4,0.4,0.3,0.1,0.8,0.4,3.3,2.2,2.1,1.9,2,1.6,0,1.2,0.9,1.5,2,153,5
,,,,,,,,,,,,,,,,,,,,,,,,,,,,,,,,,,
United States of America,USA,7.9,6.3,7.3,7.6,4.7,6.9,6.2,0,4.3,5.8,0.5,3.9,0,1.2,5.6,0.1,0.3,0,0.1,0.1,3.3,2.3,3,2.3,2.7,2.2,1,1.6,1.6,2.2,3.1,108,5
,,,,,,,,,,,,,,,,,,,,,,,,,,,,,,,,,,
Uruguay,URY,0.1,3.9,0,0,1.9,1.3,0,0,0,0.7,2.4,4.2,0.4,2.4,0.9,1,0.9,0.7,2.2,1.2,1.1,1.8,4,3.3,3.7,1.6,2.4,1.5,1.8,2.8,1.5,174,2
,,,,,,,,,,,,,,,,,,,,,,,,,,,,,,,,,,
Uzbekistan,UZB,9.9,6.3,0,0,6.7,6.1,7.2,0,5,5.6,2.3,2.6,0.3,1.9,0,1,2,0,1.9,1.3,0.7,1.3,2.6,7.2,4.9,3.1,3.6,3.3,3.3,4.1,3.1,108,4
,,,,,,,,,,,,,,,,,,,,,,,,,,,,,,,,,,
Vanuatu,VUT,3.4,0.1,7.7,4.6,2.7,4.2,0,0,0,2.3,3.9,3,9,5,0,0.7,2.3,10,1.5,5.5,3.2,4.2,5.4,6.1,5.8,6.5,5,7.6,6.4,6.1,3.9,83,5
,,,,,,,,,,,,,,,,,,,,,,,,,,,,,,,,,,
Venezuela,VEN,8.7,5.5,6.2,4.6,1.9,5.9,8.3,0,5.8,5.9,2.9,5.9,0,2.9,6.2,0.6,0.9,0.1,2.4,1,4.1,3.5,2.5,7.9,5.2,2.7,3.8,3.6,3.4,4.4,4.5,59,3
,,,,,,,,,,,,,,,,,,,,,,,,,,,,,,,,,,
Viet Nam,VNM,3.2,10,6.8,7.9,3.5,7.2,4,0,2.8,5.4,2.5,3.8,1.5,2.6,0,1.2,2.2,1,2.8,1.8,0.9,1.8,4.2,6,5.1,2.4,3.5,4.2,3.4,4.3,3.5,98,2
,,,,,,,,,,,,,,,,,,,,,,,,,,,,,,,,,,
Yemen,YEM,0.1,5,6.1,0,5,3.7,10,10,10,8.2,5.4,6.3,3.2,5.1,9.9,0.6,6.1,0.3,6.8,4.1,8.2,6.9,8.5,8,8.3,6.4,8,7.4,7.3,7.8,7.6,6,1
,,,,,,,,,,,,,,,,,,,,,,,,,,,,,,,,,,
Zambia,ZMB,1.5,5.4,0,0,3.9,2.4,2.5,0,1.8,2.1,5.2,7.8,2.5,5.2,4.2,8,4.1,0,8.7,6.2,5.3,5.3,3.5,6.1,4.8,7.4,7.6,6.3,7.1,6.1,4.1,74,0
,,,,,,,,,,,,,,,,,,,,,,,,,,,,,,,,,,
Zimbabwe,ZWE,0.1,6.1,0,0.4,9.4,4.7,5.9,0,4.1,4.4,4.7,6.7,2.9,4.8,2.7,5.5,4,4.8,8.2,5.9,4.5,4.7,2.6,7.7,5.2,5.9,6.8,6.6,6.4,5.8,4.9,50,3
