Continent,Country,ISO,Year,TotalPopulation
Africa,Algeria,DZA,2000,31042238
Africa,Angola,AGO,2000,16395477
Africa,Botswana,BWA,2000,1643333
Africa,Burkina Faso,BFA,2000,11607951
Africa,Burundi,BDI,2000,6378871
Africa,Cabo Verde,CPV,2000,428178
Africa,Cameroon,CMR,2000,15513944
Africa,Central African Republic,CAF,2000,3640421
Africa,Chad,TCD,2000,8355654
Africa,Comoros,COM,2000,542358
Africa,"Congo, Dem. Rep.",COD,2000,47105830
Africa,"Congo, Rep.",COG,2000,3127420
Africa,Cote d'Ivoire,CIV,2000,16454660
Africa,Djibouti,DJI,2000,717577
Africa,"Egypt, Arab Rep.",EGY,2000,68831561
Africa,Equatorial Guinea,GNQ,2000,606180
Africa,Eritrea,ERI,2000,2292413
Africa,Ethiopia,ETH,2000,66224809
Africa,Gabon,GAB,2000,1228359
Africa,"Gambia, The",GMB,2000,1317708
Africa,Ghana,GHA,2000,19278850
Africa,Guinea,GIN,2000,8240735
Africa,Guinea-Bissau,GNB,2000,1201305
Africa,Kenya,KEN,2000,31964557
Africa,Lesotho,LSO,2000,2032805
Africa,Liberia,LBR,2000,2848447
Africa,Libya,LBY,2000,5357893
Africa,Madagascar,MDG,2000,15766806
Africa,Malawi,MWI,2000,11148751
Africa,Mali,MLI,2000,10946448
Africa,Mauritania,MRT,2000,2630217
Africa,Mauritius,MUS,2000,1186873
Africa,Morocco,MAR,2000,28793672
Africa,Mozambique,MOZ,2000,17711925
Africa,Namibia,NAM,2000,1794583
Africa,Niger,NER,2000,11331561
Africa,Nigeria,NGA,2000,122283853
Africa,Rwanda,RWA,2000,7933688
Africa,Sao Tome and Principe,STP,2000,142264
Africa,Senegal,SEN,2000,9797731
Africa,Seychelles,SYC,2000,81131
Africa,Somalia,SOM,2000,8872250
Africa,South Africa,ZAF,2000,44967713
Africa,South Sudan,SSD,2000,6199396
Africa,Sudan,SDN,2000,27275019
Africa,Eswatini,SWZ,2000,1005432
Africa,Tanzania,TZA,2000,33499177
Africa,Togo,TGO,2000,4924406
Africa,Tunisia,TUN,2000,9708347
Africa,Uganda,UGA,2000,23650159
Africa,Zambia,ZMB,2000,10415942
Africa,Zimbabwe,ZWE,2000,11881482
Africa,Algeria,DZA,2001,31451513
Africa,Angola,AGO,2001,16945753
Africa,Botswana,BWA,2001,1674674
Africa,Burkina Faso,BFA,2001,11944589
Africa,Burundi,BDI,2001,6525546
Africa,Cabo Verde,CPV,2001,435701
Africa,Cameroon,CMR,2001,15928910
Africa,Central African Republic,CAF,2001,3722016
Africa,Chad,TCD,2001,8678049
Africa,Comoros,COM,2001,555895
Africa,"Congo, Dem. Rep.",COD,2001,48428534
Africa,"Congo, Rep.",COG,2001,3217930
Africa,Cote d'Ivoire,CIV,2001,16853027
Africa,Djibouti,DJI,2001,733019
Africa,"Egypt, Arab Rep.",EGY,2001,70152662
Africa,Equatorial Guinea,GNQ,2001,631662
Africa,Eritrea,ERI,2001,2374721
Africa,Ethiopia,ETH,2001,68159422
Africa,Gabon,GAB,2001,1258008
Africa,"Gambia, The",GMB,2001,1360070
Africa,Ghana,GHA,2001,19756929
Africa,Guinea,GIN,2001,8417082
Africa,Guinea-Bissau,GNB,2001,1227105
Africa,Kenya,KEN,2001,32848569
Africa,Lesotho,LSO,2001,2035738
Africa,Liberia,LBR,2001,2953928
Africa,Libya,LBY,2001,5443249
Africa,Madagascar,MDG,2001,16260933
Africa,Malawi,MWI,2001,11432001
Africa,Mali,MLI,2001,11271603
Africa,Mauritania,MRT,2001,2702405
Africa,Mauritius,MUS,2001,1196287
Africa,Morocco,MAR,2001,29126323
Africa,Mozambique,MOZ,2001,18221884
Africa,Namibia,NAM,2001,1823667
Africa,Niger,NER,2001,11751364
Africa,Nigeria,NGA,2001,125394046
Africa,Rwanda,RWA,2001,8231150
Africa,Sao Tome and Principe,STP,2001,144760
Africa,Senegal,SEN,2001,10036102
Africa,Seychelles,SYC,2001,81202
Africa,Somalia,SOM,2001,9186719
Africa,South Africa,ZAF,2001,45571272
Africa,South Sudan,SSD,2001,6447791
Africa,Sudan,SDN,2001,27971077
Africa,Eswatini,SWZ,2001,1013608
Africa,Tanzania,TZA,2001,34385849
Africa,Togo,TGO,2001,5062571
Africa,Tunisia,TUN,2001,9793915
Africa,Uganda,UGA,2001,24388974
Africa,Zambia,ZMB,2001,10692197
Africa,Zimbabwe,ZWE,2001,11923906
Africa,Algeria,DZA,2002,31855110
Africa,Angola,AGO,2002,17519418
Africa,Botswana,BWA,2002,1704637
Africa,Burkina Faso,BFA,2002,12293097
Africa,Burundi,BDI,2002,6704118
Africa,Cabo Verde,CPV,2002,442955
Africa,Cameroon,CMR,2002,16357605
Africa,Central African Republic,CAF,2002,3802129
Africa,Chad,TCD,2002,9019226
Africa,Comoros,COM,2002,569480
Africa,"Congo, Dem. Rep.",COD,2002,49871670
Africa,"Congo, Rep.",COG,2002,3310376
Africa,Cote d'Ivoire,CIV,2002,17231539
Africa,Djibouti,DJI,2002,746947
Africa,"Egypt, Arab Rep.",EGY,2002,71485044
Africa,Equatorial Guinea,GNQ,2002,658388
Africa,Eritrea,ERI,2002,2481059
Africa,Ethiopia,ETH,2002,70142090
Africa,Gabon,GAB,2002,1288310
Africa,"Gambia, The",GMB,2002,1404263
Africa,Ghana,GHA,2002,20246376
Africa,Guinea,GIN,2002,8586077
Africa,Guinea-Bissau,GNB,2002,1254454
Africa,Kenya,KEN,2002,33751746
Africa,Lesotho,LSO,2002,2029832
Africa,Liberia,LBR,2002,3024727
Africa,Libya,LBY,2002,5531097
Africa,Madagascar,MDG,2002,16765122
Africa,Malawi,MWI,2002,11713663
Africa,Mali,MLI,2002,11616890
Africa,Mauritania,MRT,2002,2778097
Africa,Mauritius,MUS,2002,1204621
Africa,Morocco,MAR,2002,29454765
Africa,Mozambique,MOZ,2002,18764147
Africa,Namibia,NAM,2002,1851519
Africa,Niger,NER,2002,12189988
Africa,Nigeria,NGA,2002,128596079
Africa,Rwanda,RWA,2002,8427061
Africa,Sao Tome and Principe,STP,2002,147450
Africa,Senegal,SEN,2002,10283694
Africa,Seychelles,SYC,2002,83723
Africa,Somalia,SOM,2002,9501335
Africa,South Africa,ZAF,2002,46150913
Africa,South Sudan,SSD,2002,6688225
Africa,Sudan,SDN,2002,28704786
Africa,Eswatini,SWZ,2002,1019054
Africa,Tanzania,TZA,2002,35334790
Africa,Togo,TGO,2002,5197040
Africa,Tunisia,TUN,2002,9871261
Africa,Uganda,UGA,2002,25167261
Africa,Zambia,ZMB,2002,10971704
Africa,Zimbabwe,ZWE,2002,11954293
Africa,Algeria,DZA,2003,32264159
Africa,Angola,AGO,2003,18121477
Africa,Botswana,BWA,2003,1734387
Africa,Burkina Faso,BFA,2003,12654624
Africa,Burundi,BDI,2003,6909161
Africa,Cabo Verde,CPV,2003,449925
Africa,Cameroon,CMR,2003,16800869
Africa,Central African Republic,CAF,2003,3881185
Africa,Chad,TCD,2003,9373913
Africa,Comoros,COM,2003,583213
Africa,"Congo, Dem. Rep.",COD,2003,51425583
Africa,"Congo, Rep.",COG,2003,3406915
Africa,Cote d'Ivoire,CIV,2003,17599613
Africa,Djibouti,DJI,2003,759639
Africa,"Egypt, Arab Rep.",EGY,2003,72826102
Africa,Equatorial Guinea,GNQ,2003,686670
Africa,Eritrea,ERI,2003,2600972
Africa,Ethiopia,ETH,2003,72170581
Africa,Gabon,GAB,2003,1319946
Africa,"Gambia, The",GMB,2003,1449925
Africa,Ghana,GHA,2003,20750308
Africa,Guinea,GIN,2003,8753097
Africa,Guinea-Bissau,GNB,2003,1283297
Africa,Kenya,KEN,2003,34678781
Africa,Lesotho,LSO,2003,2018355
Africa,Liberia,LBR,2003,3077055
Africa,Libya,LBY,2003,5620545
Africa,Madagascar,MDG,2003,17279139
Africa,Malawi,MWI,2003,12000183
Africa,Mali,MLI,2003,11982692
Africa,Mauritania,MRT,2003,2857150
Africa,Mauritius,MUS,2003,1213370
Africa,Morocco,MAR,2003,29782884
Africa,Mozambique,MOZ,2003,19331097
Africa,Namibia,NAM,2003,1879113
Africa,Niger,NER,2003,12647983
Africa,Nigeria,NGA,2003,131900634
Africa,Rwanda,RWA,2003,8557160
Africa,Sao Tome and Principe,STP,2003,150405
Africa,Senegal,SEN,2003,10541470
Africa,Seychelles,SYC,2003,82781
Africa,Somalia,SOM,2003,9815412
Africa,South Africa,ZAF,2003,46719203
Africa,South Sudan,SSD,2003,6935665
Africa,Sudan,SDN,2003,29460517
Africa,Eswatini,SWZ,2003,1022796
Africa,Tanzania,TZA,2003,36337778
Africa,Togo,TGO,2003,5330629
Africa,Tunisia,TUN,2003,9945282
Africa,Uganda,UGA,2003,25980547
Africa,Zambia,ZMB,2003,11256740
Africa,Zimbabwe,ZWE,2003,11982219
Africa,Algeria,DZA,2004,32692153
Africa,Angola,AGO,2004,18758138
Africa,Botswana,BWA,2004,1765533
Africa,Burkina Faso,BFA,2004,13030576
Africa,Burundi,BDI,2004,7131688
Africa,Cabo Verde,CPV,2004,456619
Africa,Cameroon,CMR,2004,17259322
Africa,Central African Republic,CAF,2004,3959883
Africa,Chad,TCD,2004,9734761
Africa,Comoros,COM,2004,597230
Africa,"Congo, Dem. Rep.",COD,2004,53068869
Africa,"Congo, Rep.",COG,2004,3510468
Africa,Cote d'Ivoire,CIV,2004,17970493
Africa,Djibouti,DJI,2004,771599
Africa,"Egypt, Arab Rep.",EGY,2004,74172073
Africa,Equatorial Guinea,GNQ,2004,716949
Africa,Eritrea,ERI,2004,2719809
Africa,Ethiopia,ETH,2004,74239508
Africa,Gabon,GAB,2004,1353788
Africa,"Gambia, The",GMB,2004,1496524
Africa,Ghana,GHA,2004,21272328
Africa,Guinea,GIN,2004,8925729
Africa,Guinea-Bissau,GNB,2004,1313492
Africa,Kenya,KEN,2004,35635267
Africa,Lesotho,LSO,2004,2005953
Africa,Liberia,LBR,2004,3135654
Africa,Libya,LBY,2004,5710163
Africa,Madagascar,MDG,2004,17802992
Africa,Malawi,MWI,2004,12301837
Africa,Mali,MLI,2004,12369078
Africa,Mauritania,MRT,2004,2939246
Africa,Mauritius,MUS,2004,1221003
Africa,Morocco,MAR,2004,30115196
Africa,Mozambique,MOZ,2004,19910549
Africa,Namibia,NAM,2004,1907737
Africa,Niger,NER,2004,13125914
Africa,Nigeria,NGA,2004,135320420
Africa,Rwanda,RWA,2004,8680516
Africa,Sao Tome and Principe,STP,2004,153736
Africa,Senegal,SEN,2004,10810086
Africa,Seychelles,SYC,2004,82475
Africa,Somalia,SOM,2004,10130251
Africa,South Africa,ZAF,2004,47291610
Africa,South Sudan,SSD,2004,7213354
Africa,Sudan,SDN,2004,30214189
Africa,Eswatini,SWZ,2004,1026287
Africa,Tanzania,TZA,2004,37379766
Africa,Togo,TGO,2004,5467770
Africa,Tunisia,TUN,2004,10022278
Africa,Uganda,UGA,2004,26821300
Africa,Zambia,ZMB,2004,11550641
Africa,Zimbabwe,ZWE,2004,12019911
Africa,Algeria,DZA,2005,33149720
Africa,Angola,AGO,2005,19433604
Africa,Botswana,BWA,2005,1799077
Africa,Burkina Faso,BFA,2005,13421935
Africa,Burundi,BDI,2005,7364857
Africa,Cabo Verde,CPV,2005,463034
Africa,Cameroon,CMR,2005,17733408
Africa,Central African Republic,CAF,2005,4038380
Africa,Chad,TCD,2005,10096630
Africa,Comoros,COM,2005,611625
Africa,"Congo, Dem. Rep.",COD,2005,54785894
Africa,"Congo, Rep.",COG,2005,3622775
Africa,Cote d'Ivoire,CIV,2005,18354513
Africa,Djibouti,DJI,2005,783248
Africa,"Egypt, Arab Rep.",EGY,2005,75523576
Africa,Equatorial Guinea,GNQ,2005,749527
Africa,Eritrea,ERI,2005,2826653
Africa,Ethiopia,ETH,2005,76346310
Africa,Gabon,GAB,2005,1390550
Africa,"Gambia, The",GMB,2005,1543745
Africa,Ghana,GHA,2005,21814648
Africa,Guinea,GIN,2005,9109585
Africa,Guinea-Bissau,GNB,2005,1344931
Africa,Kenya,KEN,2005,36624897
Africa,Lesotho,LSO,2005,1996115
Africa,Liberia,LBR,2005,3218114
Africa,Libya,LBY,2005,5798615
Africa,Madagascar,MDG,2005,18336722
Africa,Malawi,MWI,2005,12625950
Africa,Mali,MLI,2005,12775509
Africa,Mauritania,MRT,2005,3024198
Africa,Mauritius,MUS,2005,1228254
Africa,Morocco,MAR,2005,30455563
Africa,Mozambique,MOZ,2005,20493927
Africa,Namibia,NAM,2005,1938316
Africa,Niger,NER,2005,13624474
Africa,Nigeria,NGA,2005,138865014
Africa,Rwanda,RWA,2005,8840220
Africa,Sao Tome and Principe,STP,2005,157472
Africa,Senegal,SEN,2005,11090123
Africa,Seychelles,SYC,2005,82858
Africa,Somalia,SOM,2005,10446856
Africa,South Africa,ZAF,2005,47880595
Africa,South Sudan,SSD,2005,7535931
Africa,Sudan,SDN,2005,30949514
Africa,Eswatini,SWZ,2005,1030575
Africa,Tanzania,TZA,2005,38450323
Africa,Togo,TGO,2005,5611643
Africa,Tunisia,TUN,2005,10106778
Africa,Uganda,UGA,2005,27684590
Africa,Zambia,ZMB,2005,11856244
Africa,Zimbabwe,ZWE,2005,12076697
Africa,Algeria,DZA,2006,33641007
Africa,Angola,AGO,2006,20149905
Africa,Botswana,BWA,2006,1835911
Africa,Burkina Faso,BFA,2006,13829173
Africa,Burundi,BDI,2006,7607850
Africa,Cabo Verde,CPV,2006,469171
Africa,Cameroon,CMR,2006,18223677
Africa,Central African Republic,CAF,2006,4118075
Africa,Chad,TCD,2006,10457122
Africa,Comoros,COM,2006,626427
Africa,"Congo, Dem. Rep.",COD,2006,56578046
Africa,"Congo, Rep.",COG,2006,3745143
Africa,Cote d'Ivoire,CIV,2006,18754914
Africa,Djibouti,DJI,2006,794554
Africa,"Egypt, Arab Rep.",EGY,2006,76873670
Africa,Equatorial Guinea,GNQ,2006,784494
Africa,Eritrea,ERI,2006,2918209
Africa,Ethiopia,ETH,2006,78489205
Africa,Gabon,GAB,2006,1430144
Africa,"Gambia, The",GMB,2006,1591444
Africa,Ghana,GHA,2006,22379057
Africa,Guinea,GIN,2006,9307421
Africa,Guinea-Bissau,GNB,2006,1377582
Africa,Kenya,KEN,2006,37649039
Africa,Lesotho,LSO,2006,1989933
Africa,Liberia,LBR,2006,3329211
Africa,Libya,LBY,2006,5886874
Africa,Madagascar,MDG,2006,18880265
Africa,Malawi,MWI,2006,12973693
Africa,Mali,MLI,2006,13203378
Africa,Mauritania,MRT,2006,3111908
Africa,Mauritius,MUS,2006,1233996
Africa,Morocco,MAR,2006,30804689
Africa,Mozambique,MOZ,2006,21080108
Africa,Namibia,NAM,2006,1971318
Africa,Niger,NER,2006,14143969
Africa,Nigeria,NGA,2006,142538305
Africa,Rwanda,RWA,2006,9043342
Africa,Sao Tome and Principe,STP,2006,161676
Africa,Senegal,SEN,2006,11382272
Africa,Seychelles,SYC,2006,84600
Africa,Somalia,SOM,2006,10763904
Africa,South Africa,ZAF,2006,48489464
Africa,South Sudan,SSD,2006,7907407
Africa,Sudan,SDN,2006,31661824
Africa,Eswatini,SWZ,2006,1036095
Africa,Tanzania,TZA,2006,39548666
Africa,Togo,TGO,2006,5762881
Africa,Tunisia,TUN,2006,10201211
Africa,Uganda,UGA,2006,28571475
Africa,Zambia,ZMB,2006,12173518
Africa,Zimbabwe,ZWE,2006,12155496
Africa,Algeria,DZA,2007,34166976
Africa,Angola,AGO,2007,20905360
Africa,Botswana,BWA,2007,1875458
Africa,Burkina Faso,BFA,2007,14252029
Africa,Burundi,BDI,2007,7862226
Africa,Cabo Verde,CPV,2007,475067
Africa,Cameroon,CMR,2007,18730283
Africa,Central African Republic,CAF,2007,4198004
Africa,Chad,TCD,2007,10818031
Africa,Comoros,COM,2007,641624
Africa,"Congo, Dem. Rep.",COD,2007,58453687
Africa,"Congo, Rep.",COG,2007,3876123
Africa,Cote d'Ivoire,CIV,2007,19171250
Africa,Djibouti,DJI,2007,805456
Africa,"Egypt, Arab Rep.",EGY,2007,78232124
Africa,Equatorial Guinea,GNQ,2007,821686
Africa,Eritrea,ERI,2007,2996540
Africa,Ethiopia,ETH,2007,80674343
Africa,Gabon,GAB,2007,1472565
Africa,"Gambia, The",GMB,2007,1639846
Africa,Ghana,GHA,2007,22963946
Africa,Guinea,GIN,2007,9518159
Africa,Guinea-Bissau,GNB,2007,1411545
Africa,Kenya,KEN,2007,38705934
Africa,Lesotho,LSO,2007,1986926
Africa,Liberia,LBR,2007,3461911
Africa,Libya,LBY,2007,5974786
Africa,Madagascar,MDG,2007,19433520
Africa,Malawi,MWI,2007,13341808
Africa,Mali,MLI,2007,13651455
Africa,Mauritania,MRT,2007,3202512
Africa,Mauritius,MUS,2007,1239630
Africa,Morocco,MAR,2007,31163670
Africa,Mozambique,MOZ,2007,21673319
Africa,Namibia,NAM,2007,2006516
Africa,Niger,NER,2007,14685404
Africa,Nigeria,NGA,2007,146339971
Africa,Rwanda,RWA,2007,9273759
Africa,Sao Tome and Principe,STP,2007,166297
Africa,Senegal,SEN,2007,11687078
Africa,Seychelles,SYC,2007,85033
Africa,Somalia,SOM,2007,11080122
Africa,South Africa,ZAF,2007,49119766
Africa,South Sudan,SSD,2007,8315144
Africa,Sudan,SDN,2007,32360619
Africa,Eswatini,SWZ,2007,1042651
Africa,Tanzania,TZA,2007,40681416
Africa,Togo,TGO,2007,5920360
Africa,Tunisia,TUN,2007,10304729
Africa,Uganda,UGA,2007,29486335
Africa,Zambia,ZMB,2007,12502958
Africa,Zimbabwe,ZWE,2007,12255920
Africa,Algeria,DZA,2008,34730604
Africa,Angola,AGO,2008,21695636
Africa,Botswana,BWA,2008,1915636
Africa,Burkina Faso,BFA,2008,14689725
Africa,Burundi,BDI,2008,8126104
Africa,Cabo Verde,CPV,2008,480846
Africa,Cameroon,CMR,2008,19252674
Africa,Central African Republic,CAF,2008,4273368
Africa,Chad,TCD,2008,11183589
Africa,Comoros,COM,2008,657227
Africa,"Congo, Dem. Rep.",COD,2008,60411195
Africa,"Congo, Rep.",COG,2008,4011487
Africa,Cote d'Ivoire,CIV,2008,19605568
Africa,Djibouti,DJI,2008,816361
Africa,"Egypt, Arab Rep.",EGY,2008,79636081
Africa,Equatorial Guinea,GNQ,2008,860839
Africa,Eritrea,ERI,2008,3062782
Africa,Ethiopia,ETH,2008,82916236
Africa,Gabon,GAB,2008,1518538
Africa,"Gambia, The",GMB,2008,1689288
Africa,Ghana,GHA,2008,23563832
Africa,Guinea,GIN,2008,9738796
Africa,Guinea-Bissau,GNB,2008,1446936
Africa,Kenya,KEN,2008,39791984
Africa,Lesotho,LSO,2008,1987130
Africa,Liberia,LBR,2008,3607863
Africa,Libya,LBY,2008,6058740
Africa,Madagascar,MDG,2008,19996476
Africa,Malawi,MWI,2008,13727899
Africa,Mali,MLI,2008,14113578
Africa,Mauritania,MRT,2008,3296237
Africa,Mauritius,MUS,2008,1244121
Africa,Morocco,MAR,2008,31536807
Africa,Mozambique,MOZ,2008,22276596
Africa,Namibia,NAM,2008,2043382
Africa,Niger,NER,2008,15250913
Africa,Nigeria,NGA,2008,150269622
Africa,Rwanda,RWA,2008,9524532
Africa,Sao Tome and Principe,STP,2008,171122
Africa,Senegal,SEN,2008,12004700
Africa,Seychelles,SYC,2008,86956
Africa,Somalia,SOM,2008,11397188
Africa,South Africa,ZAF,2008,49779472
Africa,South Sudan,SSD,2008,8736932
Africa,Sudan,SDN,2008,33060844
Africa,Eswatini,SWZ,2008,1049948
Africa,Tanzania,TZA,2008,41853944
Africa,Togo,TGO,2008,6083417
Africa,Tunisia,TUN,2008,10414425
Africa,Uganda,UGA,2008,30431734
Africa,Zambia,ZMB,2008,12848531
Africa,Zimbabwe,ZWE,2008,12379553
Africa,Algeria,DZA,2009,35333882
Africa,Angola,AGO,2009,22514275
Africa,Botswana,BWA,2009,1953495
Africa,Burkina Faso,BFA,2009,15141098
Africa,Burundi,BDI,2009,8397661
Africa,Cabo Verde,CPV,2009,486667
Africa,Cameroon,CMR,2009,19789922
Africa,Central African Republic,CAF,2009,4337623
Africa,Chad,TCD,2009,11560142
Africa,Comoros,COM,2009,673251
Africa,"Congo, Dem. Rep.",COD,2009,62448572
Africa,"Congo, Rep.",COG,2009,4145400
Africa,Cote d'Ivoire,CIV,2009,20059147
Africa,Djibouti,DJI,2009,827820
Africa,"Egypt, Arab Rep.",EGY,2009,81134789
Africa,Equatorial Guinea,GNQ,2009,901589
Africa,Eritrea,ERI,2009,3119920
Africa,Ethiopia,ETH,2009,85233923
Africa,Gabon,GAB,2009,1568925
Africa,"Gambia, The",GMB,2009,1740277
Africa,Ghana,GHA,2009,24170943
Africa,Guinea,GIN,2009,9964470
Africa,Guinea-Bissau,GNB,2009,1483920
Africa,Kenya,KEN,2009,40901798
Africa,Lesotho,LSO,2009,1990135
Africa,Liberia,LBR,2009,3754129
Africa,Libya,LBY,2009,6133987
Africa,Madagascar,MDG,2009,20569115
Africa,Malawi,MWI,2009,14128161
Africa,Mali,MLI,2009,14581427
Africa,Mauritania,MRT,2009,3393408
Africa,Mauritius,MUS,2009,1247429
Africa,Morocco,MAR,2009,31929087
Africa,Mozambique,MOZ,2009,22894718
Africa,Namibia,NAM,2009,2081039
Africa,Niger,NER,2009,15843131
Africa,Nigeria,NGA,2009,154324939
Africa,Rwanda,RWA,2009,9782770
Africa,Sao Tome and Principe,STP,2009,175877
Africa,Senegal,SEN,2009,12335092
Africa,Seychelles,SYC,2009,87298
Africa,Somalia,SOM,2009,11717691
Africa,South Africa,ZAF,2009,50477013
Africa,South Sudan,SSD,2009,9142258
Africa,Sudan,SDN,2009,33783779
Africa,Eswatini,SWZ,2009,1057462
Africa,Tanzania,TZA,2009,43073830
Africa,Togo,TGO,2009,6250840
Africa,Tunisia,TUN,2009,10525691
Africa,Uganda,UGA,2009,31411096
Africa,Zambia,ZMB,2009,13215142
Africa,Zimbabwe,ZWE,2009,12526964
Africa,Algeria,DZA,2010,35977451
Africa,Angola,AGO,2010,23356247
Africa,Botswana,BWA,2010,1987106
Africa,Burkina Faso,BFA,2010,15605211
Africa,Burundi,BDI,2010,8675606
Africa,Cabo Verde,CPV,2010,492644
Africa,Cameroon,CMR,2010,20341236
Africa,Central African Republic,CAF,2010,4386765
Africa,Chad,TCD,2010,11952134
Africa,Comoros,COM,2010,689696
Africa,"Congo, Dem. Rep.",COD,2010,64563853
Africa,"Congo, Rep.",COG,2010,4273738
Africa,Cote d'Ivoire,CIV,2010,20532944
Africa,Djibouti,DJI,2010,840194
Africa,"Egypt, Arab Rep.",EGY,2010,82761244
Africa,Equatorial Guinea,GNQ,2010,943640
Africa,Eritrea,ERI,2010,3170437
Africa,Ethiopia,ETH,2010,87639962
Africa,Gabon,GAB,2010,1624146
Africa,"Gambia, The",GMB,2010,1793199
Africa,Ghana,GHA,2010,24779614
Africa,Guinea,GIN,2010,10192168
Africa,Guinea-Bissau,GNB,2010,1522603
Africa,Kenya,KEN,2010,42030684
Africa,Lesotho,LSO,2010,1995575
Africa,Liberia,LBR,2010,3891357
Africa,Libya,LBY,2010,6197667
Africa,Madagascar,MDG,2010,21151640
Africa,Malawi,MWI,2010,14539609
Africa,Mali,MLI,2010,15049352
Africa,Mauritania,MRT,2010,3494200
Africa,Mauritius,MUS,2010,1250400
Africa,Morocco,MAR,2010,32343384
Africa,Mozambique,MOZ,2010,23531567
Africa,Namibia,NAM,2010,2118877
Africa,Niger,NER,2010,16464025
Africa,Nigeria,NGA,2010,158503203
Africa,Rwanda,RWA,2010,10039338
Africa,Sao Tome and Principe,STP,2010,180372
Africa,Senegal,SEN,2010,12678143
Africa,Seychelles,SYC,2010,89770
Africa,Somalia,SOM,2010,12043886
Africa,South Africa,ZAF,2010,51216967
Africa,South Sudan,SSD,2010,9508372
Africa,Sudan,SDN,2010,34545014
Africa,Eswatini,SWZ,2010,1064841
Africa,Tanzania,TZA,2010,44346532
Africa,Togo,TGO,2010,6421674
Africa,Tunisia,TUN,2010,10635245
Africa,Uganda,UGA,2010,32428164
Africa,Zambia,ZMB,2010,13605986
Africa,Zimbabwe,ZWE,2010,12697728
Africa,Algeria,DZA,2011,36661438
Africa,Angola,AGO,2011,24220660
Africa,Botswana,BWA,2011,2015406
Africa,Burkina Faso,BFA,2011,16081915
Africa,Burundi,BDI,2011,8958406
Africa,Cabo Verde,CPV,2011,498858
Africa,Cameroon,CMR,2011,20906392
Africa,Central African Republic,CAF,2011,4418639
Africa,Chad,TCD,2011,12360986
Africa,Comoros,COM,2011,706578
Africa,"Congo, Dem. Rep.",COD,2011,66755151
Africa,"Congo, Rep.",COG,2011,4394842
Africa,Cote d'Ivoire,CIV,2011,21028652
Africa,Djibouti,DJI,2011,853671
Africa,"Egypt, Arab Rep.",EGY,2011,84529251
Africa,Equatorial Guinea,GNQ,2011,986861
Africa,Eritrea,ERI,2011,3213969
Africa,Ethiopia,ETH,2011,90139928
Africa,Gabon,GAB,2011,1684629
Africa,"Gambia, The",GMB,2011,1848142
Africa,Ghana,GHA,2011,25387713
Africa,Guinea,GIN,2011,10420459
Africa,Guinea-Bissau,GNB,2011,1562996
Africa,Kenya,KEN,2011,43178270
Africa,Lesotho,LSO,2011,2003793
Africa,Liberia,LBR,2011,4017446
Africa,Libya,LBY,2011,6247438
Africa,Madagascar,MDG,2011,21743970
Africa,Malawi,MWI,2011,14962118
Africa,Mali,MLI,2011,15514593
Africa,Mauritania,MRT,2011,3598646
Africa,Mauritius,MUS,2011,1252404
Africa,Morocco,MAR,2011,32781860
Africa,Mozambique,MOZ,2011,24187500
Africa,Namibia,NAM,2011,2156698
Africa,Niger,NER,2011,17114770
Africa,Nigeria,NGA,2011,162805080
Africa,Rwanda,RWA,2011,10293333
Africa,Sao Tome and Principe,STP,2011,184521
Africa,Senegal,SEN,2011,13033814
Africa,Seychelles,SYC,2011,87441
Africa,Somalia,SOM,2011,12376305
Africa,South Africa,ZAF,2011,52003759
Africa,South Sudan,SSD,2011,9830695
Africa,Sudan,SDN,2011,35349676
Africa,Eswatini,SWZ,2011,1072029
Africa,Tanzania,TZA,2011,45673520
Africa,Togo,TGO,2011,6595939
Africa,Tunisia,TUN,2011,10741872
Africa,Uganda,UGA,2011,33476772
Africa,Zambia,ZMB,2011,14023199
Africa,Zimbabwe,ZWE,2011,12894323
Africa,Algeria,DZA,2012,37383899
Africa,Angola,AGO,2012,25107925
Africa,Botswana,BWA,2012,2039551
Africa,Burkina Faso,BFA,2012,16571252
Africa,Burundi,BDI,2012,9245992
Africa,Cabo Verde,CPV,2012,505241
Africa,Cameroon,CMR,2012,21485267
Africa,Central African Republic,CAF,2012,4436411
Africa,Chad,TCD,2012,12784748
Africa,Comoros,COM,2012,723865
Africa,"Congo, Dem. Rep.",COD,2012,69020749
Africa,"Congo, Rep.",COG,2012,4510197
Africa,Cote d'Ivoire,CIV,2012,21547188
Africa,Djibouti,DJI,2012,868136
Africa,"Egypt, Arab Rep.",EGY,2012,86422240
Africa,Equatorial Guinea,GNQ,2012,1031191
Africa,Eritrea,ERI,2012,..
Africa,Ethiopia,ETH,2012,92726982
Africa,Gabon,GAB,2012,1749677
Africa,"Gambia, The",GMB,2012,1905020
Africa,Ghana,GHA,2012,25996454
Africa,Guinea,GIN,2012,10652032
Africa,Guinea-Bissau,GNB,2012,1604981
Africa,Kenya,KEN,2012,44343469
Africa,Lesotho,LSO,2012,2014988
Africa,Liberia,LBR,2012,4135662
Africa,Libya,LBY,2012,6285751
Africa,Madagascar,MDG,2012,22346641
Africa,Malawi,MWI,2012,15396010
Africa,Mali,MLI,2012,15979492
Africa,Mauritania,MRT,2012,3706555
Africa,Mauritius,MUS,2012,1255882
Africa,Morocco,MAR,2012,33241898
Africa,Mozambique,MOZ,2012,24862673
Africa,Namibia,NAM,2012,2194777
Africa,Niger,NER,2012,17795209
Africa,Nigeria,NGA,2012,167228803
Africa,Rwanda,RWA,2012,10549668
Africa,Sao Tome and Principe,STP,2012,188394
Africa,Senegal,SEN,2012,13401990
Africa,Seychelles,SYC,2012,88303
Africa,Somalia,SOM,2012,12715487
Africa,South Africa,ZAF,2012,52832659
Africa,South Sudan,SSD,2012,10113648
Africa,Sudan,SDN,2012,36193781
Africa,Eswatini,SWZ,2012,1079285
Africa,Tanzania,TZA,2012,47053033
Africa,Togo,TGO,2012,6773807
Africa,Tunisia,TUN,2012,10846993
Africa,Uganda,UGA,2012,34558700
Africa,Zambia,ZMB,2012,14465148
Africa,Zimbabwe,ZWE,2012,13115149
Africa,Algeria,DZA,2013,38140135
Africa,Angola,AGO,2013,26015786
Africa,Botswana,BWA,2013,2062551
Africa,Burkina Faso,BFA,2013,17072791
Africa,Burundi,BDI,2013,9540302
Africa,Cabo Verde,CPV,2013,511740
Africa,Cameroon,CMR,2013,22077300
Africa,Central African Republic,CAF,2013,4447945
Africa,Chad,TCD,2013,13220433
Africa,Comoros,COM,2013,741511
Africa,"Congo, Dem. Rep.",COD,2013,71358804
Africa,"Congo, Rep.",COG,2013,4622757
Africa,Cote d'Ivoire,CIV,2013,22087506
Africa,Djibouti,DJI,2013,883296
Africa,"Egypt, Arab Rep.",EGY,2013,88404652
Africa,Equatorial Guinea,GNQ,2013,1076412
Africa,Eritrea,ERI,2013,..
Africa,Ethiopia,ETH,2013,95385793
Africa,Gabon,GAB,2013,1817070
Africa,"Gambia, The",GMB,2013,1963708
Africa,Ghana,GHA,2013,26607641
Africa,Guinea,GIN,2013,10892821
Africa,Guinea-Bissau,GNB,2013,1648259
Africa,Kenya,KEN,2013,45519986
Africa,Lesotho,LSO,2013,2028528
Africa,Liberia,LBR,2013,4248337
Africa,Libya,LBY,2013,6320350
Africa,Madagascar,MDG,2013,22961259
Africa,Malawi,MWI,2013,15839287
Africa,Mali,MLI,2013,16449854
Africa,Mauritania,MRT,2013,3817497
Africa,Mauritius,MUS,2013,1258653
Africa,Morocco,MAR,2013,33715705
Africa,Mozambique,MOZ,2013,25560752
Africa,Namibia,NAM,2013,2233506
Africa,Niger,NER,2013,18504287
Africa,Nigeria,NGA,2013,171765819
Africa,Rwanda,RWA,2013,10811538
Africa,Sao Tome and Principe,STP,2013,192076
Africa,Senegal,SEN,2013,13782429
Africa,Seychelles,SYC,2013,89949
Africa,Somalia,SOM,2013,13063711
Africa,South Africa,ZAF,2013,53687125
Africa,South Sudan,SSD,2013,10355030
Africa,Sudan,SDN,2013,37072555
Africa,Eswatini,SWZ,2013,1086843
Africa,Tanzania,TZA,2013,48483132
Africa,Togo,TGO,2013,6954721
Africa,Tunisia,TUN,2013,10952949
Africa,Uganda,UGA,2013,35694519
Africa,Zambia,ZMB,2013,14926551
Africa,Zimbabwe,ZWE,2013,13350378
Africa,Algeria,DZA,2014,38923688
Africa,Angola,AGO,2014,26941773
Africa,Botswana,BWA,2014,2088619
Africa,Burkina Faso,BFA,2014,17586029
Africa,Burundi,BDI,2014,9844301
Africa,Cabo Verde,CPV,2014,518276
Africa,Cameroon,CMR,2014,22681853
Africa,Central African Republic,CAF,2014,4464171
Africa,Chad,TCD,2014,13663562
Africa,Comoros,COM,2014,759390
Africa,"Congo, Dem. Rep.",COD,2014,73767445
Africa,"Congo, Rep.",COG,2014,4736965
Africa,Cote d'Ivoire,CIV,2014,22647672
Africa,Djibouti,DJI,2014,898707
Africa,"Egypt, Arab Rep.",EGY,2014,90424668
Africa,Equatorial Guinea,GNQ,2014,1122273
Africa,Eritrea,ERI,2014,..
Africa,Ethiopia,ETH,2014,98094264
Africa,Gabon,GAB,2014,1883801
Africa,"Gambia, The",GMB,2014,2024037
Africa,Ghana,GHA,2014,27224480
Africa,Guinea,GIN,2014,11150970
Africa,Guinea-Bissau,GNB,2014,1692433
Africa,Kenya,KEN,2014,46700063
Africa,Lesotho,LSO,2014,2043448
Africa,Liberia,LBR,2014,4359508
Africa,Libya,LBY,2014,6362039
Africa,Madagascar,MDG,2014,23589897
Africa,Malawi,MWI,2014,16289550
Africa,Mali,MLI,2014,16934213
Africa,Mauritania,MRT,2014,3930894
Africa,Mauritius,MUS,2014,1260934
Africa,Morocco,MAR,2014,34192358
Africa,Mozambique,MOZ,2014,26286192
Africa,Namibia,NAM,2014,2273426
Africa,Niger,NER,2014,19240182
Africa,Nigeria,NGA,2014,176404931
Africa,Rwanda,RWA,2014,11083629
Africa,Sao Tome and Principe,STP,2014,195727
Africa,Senegal,SEN,2014,14174740
Africa,Seychelles,SYC,2014,91359
Africa,Somalia,SOM,2014,13423571
Africa,South Africa,ZAF,2014,54544184
Africa,South Sudan,SSD,2014,10554882
Africa,Sudan,SDN,2014,37977657
Africa,Eswatini,SWZ,2014,1095022
Africa,Tanzania,TZA,2014,49960563
Africa,Togo,TGO,2014,7137997
Africa,Tunisia,TUN,2014,11063195
Africa,Uganda,UGA,2014,36911530
Africa,Zambia,ZMB,2014,15399793
Africa,Zimbabwe,ZWE,2014,13586710
Africa,Algeria,DZA,2015,39728020
Africa,Angola,AGO,2015,27884380
Africa,Botswana,BWA,2015,2120716
Africa,Burkina Faso,BFA,2015,18110616
Africa,Burundi,BDI,2015,10160034
Africa,Cabo Verde,CPV,2015,524740
Africa,Cameroon,CMR,2015,23298376
Africa,Central African Republic,CAF,2015,4493171
Africa,Chad,TCD,2015,14110971
Africa,Comoros,COM,2015,777435
Africa,"Congo, Dem. Rep.",COD,2015,76244532
Africa,"Congo, Rep.",COG,2015,4856093
Africa,Cote d'Ivoire,CIV,2015,23226148
Africa,Djibouti,DJI,2015,913998
Africa,"Egypt, Arab Rep.",EGY,2015,92442549
Africa,Equatorial Guinea,GNQ,2015,1168575
Africa,Eritrea,ERI,2015,..
Africa,Ethiopia,ETH,2015,100835453
Africa,Gabon,GAB,2015,1947690
Africa,"Gambia, The",GMB,2015,2085860
Africa,Ghana,GHA,2015,27849203
Africa,Guinea,GIN,2015,11432096
Africa,Guinea-Bissau,GNB,2015,1737207
Africa,Kenya,KEN,2015,47878339
Africa,Lesotho,LSO,2015,2059011
Africa,Liberia,LBR,2015,4472229
Africa,Libya,LBY,2015,6418315
Africa,Madagascar,MDG,2015,24234080
Africa,Malawi,MWI,2015,16745305
Africa,Mali,MLI,2015,17438772
Africa,Mauritania,MRT,2015,4046304
Africa,Mauritius,MUS,2015,1262605
Africa,Morocco,MAR,2015,34663608
Africa,Mozambique,MOZ,2015,27042001
Africa,Namibia,NAM,2015,2314901
Africa,Niger,NER,2015,20001663
Africa,Nigeria,NGA,2015,181137454
Africa,Rwanda,RWA,2015,11369066
Africa,Sao Tome and Principe,STP,2015,199439
Africa,Senegal,SEN,2015,14578450
Africa,Seychelles,SYC,2015,93419
Africa,Somalia,SOM,2015,13797204
Africa,South Africa,ZAF,2015,55386369
Africa,South Sudan,SSD,2015,10715657
Africa,Sudan,SDN,2015,38902948
Africa,Eswatini,SWZ,2015,1104038
Africa,Tanzania,TZA,2015,51482638
Africa,Togo,TGO,2015,7323162
Africa,Tunisia,TUN,2015,11179951
Africa,Uganda,UGA,2015,38225447
Africa,Zambia,ZMB,2015,15879370
Africa,Zimbabwe,ZWE,2015,13814642
Africa,Algeria,DZA,2016,40551398
Africa,Angola,AGO,2016,28842482
Africa,Botswana,BWA,2016,2159925
Africa,Burkina Faso,BFA,2016,18646350
Africa,Burundi,BDI,2016,10488002
Africa,Cabo Verde,CPV,2016,531140
Africa,Cameroon,CMR,2016,23926549
Africa,Central African Republic,CAF,2016,4537683
Africa,Chad,TCD,2016,14561658
Africa,Comoros,COM,2016,795597
Africa,"Congo, Dem. Rep.",COD,2016,78789130
Africa,"Congo, Rep.",COG,2016,4980996
Africa,Cote d'Ivoire,CIV,2016,23822726
Africa,Djibouti,DJI,2016,929117
Africa,"Egypt, Arab Rep.",EGY,2016,94447071
Africa,Equatorial Guinea,GNQ,2016,1215181
Africa,Eritrea,ERI,2016,..
Africa,Ethiopia,ETH,2016,103603461
Africa,Gabon,GAB,2016,2007882
Africa,"Gambia, The",GMB,2016,2149134
Africa,Ghana,GHA,2016,28481947
Africa,Guinea,GIN,2016,11738434
Africa,Guinea-Bissau,GNB,2016,1782434
Africa,Kenya,KEN,2016,49051531
Africa,Lesotho,LSO,2016,2075041
Africa,Liberia,LBR,2016,4586788
Africa,Libya,LBY,2016,6492160
Africa,Madagascar,MDG,2016,24894370
Africa,Malawi,MWI,2016,17205253
Africa,Mali,MLI,2016,17965448
Africa,Mauritania,MRT,2016,4163532
Africa,Mauritius,MUS,2016,1263473
Africa,Morocco,MAR,2016,35126274
Africa,Mozambique,MOZ,2016,27829930
Africa,Namibia,NAM,2016,2358044
Africa,Niger,NER,2016,20788789
Africa,Nigeria,NGA,2016,185960244
Africa,Rwanda,RWA,2016,11668829
Africa,Sao Tome and Principe,STP,2016,203221
Africa,Senegal,SEN,2016,14993514
Africa,Seychelles,SYC,2016,94677
Africa,Somalia,SOM,2016,14185635
Africa,South Africa,ZAF,2016,56207649
Africa,South Sudan,SSD,2016,10832520
Africa,Sudan,SDN,2016,39847433
Africa,Eswatini,SWZ,2016,1113994
Africa,Tanzania,TZA,2016,53049231
Africa,Togo,TGO,2016,7509952
Africa,Tunisia,TUN,2016,11303942
Africa,Uganda,UGA,2016,39649173
Africa,Zambia,ZMB,2016,16363449
Africa,Zimbabwe,ZWE,2016,14030338
Africa,Algeria,DZA,2017,41389174
Africa,Angola,AGO,2017,29816769
Africa,Botswana,BWA,2017,2205076
Africa,Burkina Faso,BFA,2017,19193236
Africa,Burundi,BDI,2017,10827010
Africa,Cabo Verde,CPV,2017,537499
Africa,Cameroon,CMR,2017,24566070
Africa,Central African Republic,CAF,2017,4596023
Africa,Chad,TCD,2017,15016761
Africa,Comoros,COM,2017,813890
Africa,"Congo, Dem. Rep.",COD,2017,81398765
Africa,"Congo, Rep.",COG,2017,5110701
Africa,Cote d'Ivoire,CIV,2017,24437475
Africa,Djibouti,DJI,2017,944100
Africa,"Egypt, Arab Rep.",EGY,2017,96442590
Africa,Equatorial Guinea,GNQ,2017,1262008
Africa,Eritrea,ERI,2017,..
Africa,Ethiopia,ETH,2017,106399926
Africa,Gabon,GAB,2017,2064812
Africa,"Gambia, The",GMB,2017,2213900
Africa,Ghana,GHA,2017,29121464
Africa,Guinea,GIN,2017,12067516
Africa,Guinea-Bissau,GNB,2017,1828146
Africa,Kenya,KEN,2017,50221146
Africa,Lesotho,LSO,2017,2091532
Africa,Liberia,LBR,2017,4702224
Africa,Libya,LBY,2017,6580723
Africa,Madagascar,MDG,2017,25570511
Africa,Malawi,MWI,2017,17670193
Africa,Mali,MLI,2017,18512429
Africa,Mauritania,MRT,2017,4282582
Africa,Mauritius,MUS,2017,1264613
Africa,Morocco,MAR,2017,35581257
Africa,Mozambique,MOZ,2017,28649007
Africa,Namibia,NAM,2017,2402623
Africa,Niger,NER,2017,21602388
Africa,Nigeria,NGA,2017,190873247
Africa,Rwanda,RWA,2017,11980960
Africa,Sao Tome and Principe,STP,2017,207086
Africa,Senegal,SEN,2017,15419354
Africa,Seychelles,SYC,2017,95843
Africa,Somalia,SOM,2017,14589165
Africa,South Africa,ZAF,2017,57009751
Africa,South Sudan,SSD,2017,10910774
Africa,Sudan,SDN,2017,40813398
Africa,Eswatini,SWZ,2017,1124808
Africa,Tanzania,TZA,2017,54660345
Africa,Togo,TGO,2017,7698476
Africa,Tunisia,TUN,2017,11433438
Africa,Uganda,UGA,2017,41166588
Africa,Zambia,ZMB,2017,16853608
Africa,Zimbabwe,ZWE,2017,14236599
Africa,Algeria,DZA,2018,42228415
Africa,Angola,AGO,2018,30809787
Africa,Botswana,BWA,2018,2254067
Africa,Burkina Faso,BFA,2018,19751466
Africa,Burundi,BDI,2018,11175379
Africa,Cabo Verde,CPV,2018,543764
Africa,Cameroon,CMR,2018,25216261
Africa,Central African Republic,CAF,2018,4666375
Africa,Chad,TCD,2018,15477727
Africa,Comoros,COM,2018,832322
Africa,"Congo, Dem. Rep.",COD,2018,84068092
Africa,"Congo, Rep.",COG,2018,5244363
Africa,Cote d'Ivoire,CIV,2018,25069226
Africa,Djibouti,DJI,2018,958923
Africa,"Egypt, Arab Rep.",EGY,2018,98423602
Africa,Equatorial Guinea,GNQ,2018,1308966
Africa,Eritrea,ERI,2018,..
Africa,Ethiopia,ETH,2018,109224410
Africa,Gabon,GAB,2018,2119275
Africa,"Gambia, The",GMB,2018,2280092
Africa,Ghana,GHA,2018,29767108
Africa,Guinea,GIN,2018,12414292
Africa,Guinea-Bissau,GNB,2018,1874304
Africa,Kenya,KEN,2018,51392570
Africa,Lesotho,LSO,2018,2108327
Africa,Liberia,LBR,2018,4818976
Africa,Libya,LBY,2018,6678565
Africa,Madagascar,MDG,2018,26262313
Africa,Malawi,MWI,2018,18143215
Africa,Mali,MLI,2018,19077755
Africa,Mauritania,MRT,2018,4403312
Africa,Mauritius,MUS,2018,1265303
Africa,Morocco,MAR,2018,36029089
Africa,Mozambique,MOZ,2018,29496009
Africa,Namibia,NAM,2018,2448300
Africa,Niger,NER,2018,22442831
Africa,Nigeria,NGA,2018,195874685
Africa,Rwanda,RWA,2018,12301969
Africa,Sao Tome and Principe,STP,2018,211032
Africa,Senegal,SEN,2018,15854324
Africa,Seychelles,SYC,2018,96762
Africa,Somalia,SOM,2018,15008225
Africa,South Africa,ZAF,2018,57792520
Africa,South Sudan,SSD,2018,10975924
Africa,Sudan,SDN,2018,41801532
Africa,Eswatini,SWZ,2018,1136274
Africa,Tanzania,TZA,2018,56313444
Africa,Togo,TGO,2018,7889095
Africa,Tunisia,TUN,2018,11565203
Africa,Uganda,UGA,2018,42729032
Africa,Zambia,ZMB,2018,17351714
Africa,Zimbabwe,ZWE,2018,14438812
Africa,Algeria,DZA,2019,43053054
Africa,Angola,AGO,2019,31825299
Africa,Botswana,BWA,2019,2303703
Africa,Burkina Faso,BFA,2019,20321383
Africa,Burundi,BDI,2019,11530577
Africa,Cabo Verde,CPV,2019,549936
Africa,Cameroon,CMR,2019,25876387
Africa,Central African Republic,CAF,2019,4745179
Africa,Chad,TCD,2019,15946882
Africa,Comoros,COM,2019,850891
Africa,"Congo, Dem. Rep.",COD,2019,86790568
Africa,"Congo, Rep.",COG,2019,5380504
Africa,Cote d'Ivoire,CIV,2019,25716554
Africa,Djibouti,DJI,2019,973557
Africa,"Egypt, Arab Rep.",EGY,2019,100388076
Africa,Equatorial Guinea,GNQ,2019,1355982
Africa,Eritrea,ERI,2019,..
Africa,Ethiopia,ETH,2019,112078727
Africa,Gabon,GAB,2019,2172578
Africa,"Gambia, The",GMB,2019,2347696
Africa,Ghana,GHA,2019,30417858
Africa,Guinea,GIN,2019,12771246
Africa,Guinea-Bissau,GNB,2019,1920917
Africa,Kenya,KEN,2019,52573967
Africa,Lesotho,LSO,2019,2125267
Africa,Liberia,LBR,2019,4937374
Africa,Libya,LBY,2019,6777453
Africa,Madagascar,MDG,2019,26969306
Africa,Malawi,MWI,2019,18628749
Africa,Mali,MLI,2019,19658023
Africa,Mauritania,MRT,2019,4525698
Africa,Mauritius,MUS,2019,1265711
Africa,Morocco,MAR,2019,36471766
Africa,Mozambique,MOZ,2019,30366043
Africa,Namibia,NAM,2019,2494524
Africa,Niger,NER,2019,23310719
Africa,Nigeria,NGA,2019,200963603
Africa,Rwanda,RWA,2019,12626938
Africa,Sao Tome and Principe,STP,2019,215048
Africa,Senegal,SEN,2019,16296362
Africa,Seychelles,SYC,2019,97625
Africa,Somalia,SOM,2019,15442906
Africa,South Africa,ZAF,2019,58558267
Africa,South Sudan,SSD,2019,11062114
Africa,Sudan,SDN,2019,42813237
Africa,Eswatini,SWZ,2019,1148133
Africa,Tanzania,TZA,2019,58005461
Africa,Togo,TGO,2019,8082359
Africa,Tunisia,TUN,2019,11694721
Africa,Uganda,UGA,2019,44269587
Africa,Zambia,ZMB,2019,17861034
Africa,Zimbabwe,ZWE,2019,14645473
Africa,Algeria,DZA,2020,43851043
Africa,Angola,AGO,2020,32866268
Africa,Botswana,BWA,2020,2351625
Africa,Burkina Faso,BFA,2020,20903278
Africa,Burundi,BDI,2020,11890781
Africa,Cabo Verde,CPV,2020,555988
Africa,Cameroon,CMR,2020,26545864
Africa,Central African Republic,CAF,2020,4829764
Africa,Chad,TCD,2020,16425859
Africa,Comoros,COM,2020,869595
Africa,"Congo, Dem. Rep.",COD,2020,89561404
Africa,"Congo, Rep.",COG,2020,5518092
Africa,Cote d'Ivoire,CIV,2020,26378275
Africa,Djibouti,DJI,2020,988002
Africa,"Egypt, Arab Rep.",EGY,2020,102334403
Africa,Equatorial Guinea,GNQ,2020,1402985
Africa,Eritrea,ERI,2020,..
Africa,Ethiopia,ETH,2020,114963583
Africa,Gabon,GAB,2020,2225728
Africa,"Gambia, The",GMB,2020,2416664
Africa,Ghana,GHA,2020,31072945
Africa,Guinea,GIN,2020,13132792
Africa,Guinea-Bissau,GNB,2020,1967998
Africa,Kenya,KEN,2020,53771300
Africa,Lesotho,LSO,2020,2142252
Africa,Liberia,LBR,2020,5057677
Africa,Libya,LBY,2020,6871287
Africa,Madagascar,MDG,2020,27691019
Africa,Malawi,MWI,2020,19129955
Africa,Mali,MLI,2020,20250834
Africa,Mauritania,MRT,2020,4649660
Africa,Mauritius,MUS,2020,1265740
Africa,Morocco,MAR,2020,36910558
Africa,Mozambique,MOZ,2020,31255435
Africa,Namibia,NAM,2020,2540916
Africa,Niger,NER,2020,24206636
Africa,Nigeria,NGA,2020,206139587
Africa,Rwanda,RWA,2020,12952209
Africa,Sao Tome and Principe,STP,2020,219161
Africa,Senegal,SEN,2020,16743930
Africa,Seychelles,SYC,2020,98462
Africa,Somalia,SOM,2020,15893219
Africa,South Africa,ZAF,2020,59308690
Africa,South Sudan,SSD,2020,11193729
Africa,Sudan,SDN,2020,43849269
Africa,Eswatini,SWZ,2020,1160164
Africa,Tanzania,TZA,2020,59734213
Africa,Togo,TGO,2020,8278737
Africa,Tunisia,TUN,2020,11818618
Africa,Uganda,UGA,2020,45741000
Africa,Zambia,ZMB,2020,18383956
Africa,Zimbabwe,ZWE,2020,14862927
