Organisation,Sector,Mantiqa,Activity
ACF,Health,Benghazi,Preventing and mitigating the spread and the psychosocial impact of COVID-19
ACTED,MCPA (multipurpose cash assistance),Benghazi,e-card distribution
ACTED,MCPA (multipurpose cash assistance),Sebha,e-card distribution
ACTED,Other,Benghazi,QIPS
ACTED,Other,Derna,QIPS
ACTED,Other,Sebha,QIPS
ACTED,Other,Wadi Ashshati,QIPS
ACTED,Protection,Benghazi,Protection Monitoring
ACTED,Protection,Sebha,Protection Monitoring
ACTED,Protection,Benghazi,Protection Capacity Building 
ACTED,Protection,Sebha,Protection Capacity Building 
ACTED,Protection,Benghazi,Protection Helpline
ACTED,Protection,Benghazi,Protection Referral Network
ACTED,Protection,Sebha,Protection Referral Network
ACTED,Protection,Benghazi,Cash for Protection
ACTED,Protection,Benghazi,Cash for Protection
ACTED,Protection,Benghazi,School rehabilitation
ACTED,Protection,Benghazi,Child Protection Training
ACTED,Protection,Benghazi,Child Protection Training
ACTED,Education,Benghazi,Teacher training
ACTED,Protection,Benghazi,PSS and recreational activities for children
ACTED,Protection,Benghazi,Case Management
ACTED,Protection,Benghazi,Catch-up classes
ACTED,Protection,Benghazi,Life-skills classes
ACTED,Protection,Benghazi,Awareness raising on CP issues
ACTED,Protection,Derna,CP/EiE training
ACTED,Protection,Derna,Catch-up classes
ACTED,Protection,Derna,PSS and recreational activities for children
ACTED,Protection,Derna,Awareness raising on CP/EiE issues
ACTED,Protection,Derna,Case Management
ACTED,Protection,Derna,School rehabilitation
ACTED,Health,Benghazi,Health infrastructure rehabilitation
ACTED,Health,Ejdabia,Health infrastructure rehabilitation
ACTED,Health,Tobruk,Health infrastructure rehabilitation
ACTED,Other,Tripoli,CSO Capacity Building
ACTED,Other,Benghazi,CSO Capacity Building
ACTED,Other,Sebha,CSO Capacity Building
ACTED,Other,Sebha,Labor Market assessment
ACTED,Other,Sebha,Vocational Training
ACTED,Other,Sebha,Small business support
ACTED,Protection,Sebha,Livelihood Protection
ACTED,Other,Ubari,Labor Market assessment
ACTED,Other,Ubari,Vocational Training
ACTED,Other,Ubari,Small business support
ACTED,Protection,Ubari,Livelihood Protection
CEFA,Health,Azzawya,"Technical Needs (rehabilitation, medical equipment and training) Assessment of Zawiya Teaching Hospital; "
CEFA,Shelter/NFIs,Tripoli,Distribution of NFIs based on needs 
CEFA,Health,Tripoli,"Distribution of health equipment, safety boxes, medicines, PPE"
CEFA,Food Security,Tripoli,"Food complements for children under 3 yrs old, breastfeeding mothers and pregnant women"
CEFA,Protection,Tripoli,"MHPSS for children, mothers and adolescences"
CEFA,Health,Tripoli,"Distribution of health equipment, medicines, PPE"
CESVI,Protection,Misrata,Vulnerability/Protection Assessment
CESVI,Protection,Misrata,Vulnerability/Protection Assessment
CESVI,Protection,Misrata,PSS
CESVI,Protection,Misrata,PSS
CESVI,Protection,Misrata,Case Management
CESVI,Protection,Misrata,Case Management
CESVI,Protection,Misrata,Individuals accomondated in host families
CESVI,Protection,Misrata,IPA
CESVI,Shelter/NFIs,Misrata,CRI's distribution
CESVI,Shelter/NFIs,Misrata,CRI's distribution
CESVI,Shelter/NFIs,Misrata,Cash for rent
CESVI,Other,Misrata,"Capacity building targeting local stakeholders (CSOs and frontline workers, and local authorities)"
CESVI,Other,Misrata,"Capacity building targeting local stakeholders (CSOs and frontline workers, and local authorities)"
CESVI,Other,Misrata,Community led initiatives (pilot project)
CESVI,Protection,Misrata,Vulnerability/Protection Assessment
CESVI,Protection,Tripoli,Vulnerability/Protection Assessment
CESVI,Protection,Zwara,Vulnerability/Protection Assessment
CESVI,Protection,Misrata,Parenting sessions
CESVI,Protection,Tripoli,Parenting sessions
CESVI,Protection,Zwara,Parenting sessions
CESVI,Education,Misrata,Formal/Non-formal education services to school aged children (girls and boys)
CESVI,Education,Tripoli,Formal/Non-formal education services to school aged children (girls and boys)
CESVI,Education,Zwara,Formal/Non-formal education services to school aged children (girls and boys)
CESVI,Education,Misrata,Distribution of learning materials
CESVI,Education,Tripoli,Distribution of learning materials
CESVI,Education,Zwara,Distribution of learning materials
CESVI,Education,Misrata,Cash for transportation to participate in Cesvi education services
CESVI,Education,Tripoli,Cash for transportation to participate in Cesvi education services
CESVI,Education,Zwara,Cash for transportation to participate in Cesvi education services
CESVI,Protection,Misrata,PSS
CESVI,Protection,Tripoli,PSS
CESVI,Protection,Zwara,PSS
CESVI,Protection,Misrata,Case Management
CESVI,Protection,Tripoli,Case Management
CESVI,Protection,Misrata,Cash for access to services to cover protection needs (for example medical care)
CESVI,Protection,Tripoli,Cash for access to services to cover protection needs (for example medical care)
CESVI,Protection,Misrata,Training to service providers and institutions on CP approaches
CESVI,Protection,Tripoli,Training to service providers and institutions on CP approaches
CESVI,Protection,Zwara,Training to service providers and institutions on CP approaches
CESVI,Protection,Tripoli,Case Management
CESVI,Protection,Tripoli,Case Management
CESVI,Protection,Tripoli,PSS
CESVI,Protection,Tripoli,PSS
CESVI,Protection,Tripoli,Vulnerability/Protection Assessment
CESVI,MCPA (multipurpose cash assistance),Tripoli,Multipurpose cash assistance
CESVI,Protection,Tripoli,Individuals accomondated in host families
CESVI,Protection,Tripoli,Individuals accomondated in host families
CESVI,Protection,Tripoli,Awareness sessions
CESVI,Protection,Tripoli,Awareness sessions
CESVI,Shelter/NFIs,Tripoli,NFI distribution
DRC,Shelter/NFIs,Tripoli,"Increasing water accessibity by providing (3) water tanks, Gragash site 3,4 "
DRC,Shelter/NFIs,Tripoli,"improving shelter conditions by rehabiliating the site to expand the shelter space, increasing lighing system, insalling railhands for beneficiars protection. Gragash site 1"
DRC,Shelter/NFIs,Tripoli,"improving collective shelter condition by enhancing the lighting system, improving sealing off by providing windows, increasing security by insalling door lockers, improving WASH facilites by conducting toilets maintenance. "
DRC,Shelter/NFIs,Tripoli,"improving beneficiares protection within the informal settelement by providing lighting system within staris areas, as well as improving water accessibity within the informal settelement by providing water well pump to increasing water capacity to cover the informal settelement."
DRC,WASH,Tripoli,"Improving WASH facilites by providing water heaters, water mixers, as well as increasing lighning system within Toiltes areas to increase beneficieares protection. Sectors within the camp are 13,14,15,16,17"
DRC,WASH,Tripoli,"improving water accessibility within the informal settlement  by providing water network inculdes water tanks, water pumps, and fittings. Plus shelter materials including sealing off items and electrical wires to improve protection/lighting system within stairs areas."
DRC,Shelter/NFIs,Tripoli,Improving informal settlement condition by providing electrical cable to increase electrical capacity within the informal settelement plus sealing off  materials.
DRC,Shelter/NFIs,Tripoli,Improving safety condition within infomal settlement /abandoned buildings by providing fire extinguishers 
DRC,Shelter/NFIs,Aljfara,improving shelter conditions by providing shelter and WASH materials for newly IDPs post April 2020 military operation. 
DRC,Shelter/NFIs,Tripoli,"Improving WASH facilities and accessibility by providing additional (3) toilets, water heater, mixer showers to the existing toilets as well as adding additional water tank. Gragash site 1"
DRC,WASH,Tripoli,"Distribution of hygiene and  handwashing items - Gergaresh Site 1,2,3,4"
DRC,WASH,Tripoli,Distribution of hygiene and  handwashing items - Tarik Al Sika IDP camp
DRC,WASH,Tripoli,Distribution of hygiene and  handwashing items - Njila IDP Camp
DRC,WASH,Tripoli,Distribution of hygiene and  handwashing items -  Al Sarraj IDP camp
DRC,WASH,Tripoli,Distribution of hygiene and  handwashing items -  Alkrimiya site 1
DRC,WASH,Tripoli,Distribution of hygiene and  handwashing items - Sayyad IDP camp
DRC,WASH,Tripoli,Desludging of basement of 6 buildings -  Tarik Al Sika IDP camp
DRC,WASH,Tripoli,Rehabilitation services - Ibn Khaldoun Health Facility
DRC,Shelter/NFIs,Tripoli,Rehabilitation services - Ibn Khaldoun Health Facility
DRC,WASH,Tripoli,Rehabilitation services - Al Qawmia Arabia School
DRC,Shelter/NFIs,Tripoli,Rehabilitation services - Al Qawmia Arabia School
DRC,WASH,Tripoli,Rehabilitation services - Ghout Al Shaal Health Center
DRC,Shelter/NFIs,Tripoli,Rehabilitation services - Ghout Al Shaal Health Center
DRC,Food Security,Tripoli,"Distribution of Bread Vouchers - Gergaresh 1,2,3,4"
DRC,Food Security,Tripoli,Food Distribution - Anjila IDP Camp
DRC,Food Security,Tripoli,Food Distribution - Gergaresh 3
DRC,WASH,Tripoli,Increasing drink water accessibity by providing water desalination machine.
DRC,WASH,Tripoli,"creating gender segregation between male/female toiets includes internal speration and insalling new door, and improving lighting system as well as providing water mixers/shower mixres and water heaters  lighting system sector 1,2,3,4"
DRC,Shelter/NFIs,Tripoli,"improving migrants site (Gragsh, site-1) emegency maintenace by supporting the existing rooms ceiling and insalling toilets doors, sealing off materials plus providing water tanke with its fitting"
DRC,WASH,Tripoli,"improving Quran collective shelter by maitenace toietls sewage pipe, creating network for water heater and water pump as well as door lockers "
DRC,WASH,Tripoli,"improving water accessibility within the informal settlement  by providing water network inculdes water tanks, water pumps and its fittings"
DRC,Protection,Tripoli,Protection Monitoring
DRC,Protection,Tripoli,"Case Management (IPA, Referrals, Case Management)"
DRC,Protection,Tripoli,Information dissemination
DRC,Protection,Aljfara,Protection Monitoring
DRC,Protection,Tripoli,"Case Management (IPA, Referrals, Case Management)"
DRC,Protection,Tripoli,Legal assistance
DRC,Protection,Tripoli,Information dissemination
DRC,Protection,Tripoli,Protection Monitoring
DRC,Protection,Tripoli,"Case Management (IPA, Referrals, Case Management)"
DRC,Protection,Tripoli,Legal assistance
DRC,Protection,Tripoli,Information dissemination
DRC,Protection,Tripoli,Protection Monitoring
DRC,Protection,Tripoli,"Case Management (IPA, Referrals, Case Management)"
DRC,Protection,Tripoli,Legal assistance
DRC,Protection,Tripoli,Information dissemination
DRC,Protection,Tripoli,Protection Monitoring
DRC,Protection,Tripoli,"Case Management (IPA, Referrals, Case Management)"
DRC,Protection,Tripoli,Legal assistance
DRC,Protection,Tripoli,Information dissemination
DRC,Protection,Tripoli,Protection Monitoring
DRC,Protection,Tripoli,Protection Monitoring
DRC,Protection,Tripoli,Protection Monitoring
DRC,Protection,Tripoli,Protection Monitoring
DRC,Protection,Tripoli,"Case Management (IPA, Referrals, Case Management)"
DRC,Protection,Tripoli,"Case Management (IPA, Referrals, Case Management)"
DRC,Protection,Tripoli,Protection Monitoring
DRC,Protection,Tripoli,"Case Management (IPA, Referrals, Case Management)"
DRC,Protection,Tripoli,Information dissemination
DRC,Protection,Tripoli,Protection Monitoring
DRC,Protection,Tripoli,"Case Management (IPA, Referrals, Case Management)"
DRC,Protection,Tripoli,Legal assistance
DRC,Protection,Tripoli,Information dissemination
DRC,Protection,Tripoli,"Case Management (IPA, Referrals, Case Management)"
DRC,Protection,Tripoli,"Case Management (IPA, Referrals, Case Management)"
DRC,Protection,Tripoli,"Case Management (IPA, Referrals, Case Management)"
DRC,Protection,Tripoli,Protection Monitoring
DRC,Protection,Tripoli,"Case Management (IPA, Referrals, Case Management)"
DRC,Protection,Tripoli,Protection Monitoring
DRC,Protection,Tripoli,"Case Management (IPA, Referrals, Case Management)"
DRC,Protection,Tripoli,"Case Management (IPA, Referrals, Case Management)"
DRC,Protection,Tripoli,"Case Management (IPA, Referrals, Case Management)"
DRC,Protection,Al Jabal Al Gharbi,Protection Monitoring
DRC,Protection,Al Jabal Al Gharbi,Protection Monitoring
DRC,Protection,Al Jabal Al Gharbi,Protection Monitoring
DRC,Protection,Al Jabal Al Gharbi,Protection Monitoring
DRC,Protection,Al Jabal Al Gharbi,Protection Monitoring
DRC,Protection,Al Jabal Al Gharbi,Protection Monitoring
DRC,Protection,Al Jabal Al Gharbi,Protection Monitoring
DRC,Protection,Al Jabal Al Gharbi,Protection Monitoring
DRC,Protection,Al Jabal Al Gharbi,Protection Monitoring
DRC,Protection,Tripoli,"Case Management (IPA, Referrals, Case Management)"
DRC,Protection,Tripoli,"Case Management (IPA, Referrals, Case Management)"
DRC,Protection,Tripoli,"Case Management (IPA, Referrals, Case Management)"
DRC,Protection,Aljfara,"Case Management (IPA, Referrals, Case Management)"
DRC,Protection,Tripoli,"Case Management (IPA, Referrals, Case Management)"
DRC,Protection,Tripoli,"Case Management (IPA, Referrals, Case Management)"
DRC,Protection,Tripoli,"Case Management (IPA, Referrals, Case Management)"
DRC,Protection,Aljfara,"Case Management (IPA, Referrals, Case Management)"
DRC,Protection,Tripoli,Protection Monitoring
DRC,Protection,Tripoli,Protection Monitoring
DRC,Protection,Aljfara,Protection Monitoring
DRC,Protection,Aljfara,Protection Monitoring
DRC,Protection,Tripoli,"Case Management (IPA, Referrals, Case Management)"
DRC,Protection,Tripoli,"Case Management (IPA, Referrals, Case Management)"
DDG,Protection,Benghazi,Explosive Ordnance Disposal (EOD)
DDG,Protection,Benghazi,Explosive Ordnance Disposal (EOD)
DDG,Protection,Benghazi,Explosive Ordnance Disposal (EOD)
DDG,Protection,Misrata,Explosive Ordnance Disposal (EOD)
DDG,Protection,Tripoli,Explosive Ordnance Disposal (EOD)
DDG,Protection,Sebha,Non-Technical Survey (NTS)
DDG,Protection,Sebha,Explosive Ordnance Risk Education (EORE)
DDG,Protection,Sebha,Explosive Ordnance Risk Education (EORE)
DRC,MCPA (multipurpose cash assistance),Al Jabal Al Gharbi,Three monthly transfers of Multi-purpose cash assitance
DRC,MCPA (multipurpose cash assistance),Al Jabal Al Gharbi,Three monthly transfers of Multi-purpose cash assitance
DRC,MCPA (multipurpose cash assistance),Al Jabal Al Gharbi,Three monthly transfers of Multi-purpose cash assitance
DRC,MCPA (multipurpose cash assistance),Al Jabal Al Gharbi,Three monthly transfers of Multi-purpose cash assitance
DRC,MCPA (multipurpose cash assistance),Al Jabal Al Gharbi,Three monthly transfers of Multi-purpose cash assitance
DRC,MCPA (multipurpose cash assistance),Al Jabal Al Gharbi,Three monthly transfers of Multi-purpose cash assitance
DRC,MCPA (multipurpose cash assistance),Al Jabal Al Gharbi,Three monthly transfers of Multi-purpose cash assitance
DRC,MCPA (multipurpose cash assistance),Al Jabal Al Gharbi,Three monthly transfers of Multi-purpose cash assitance
DRC,MCPA (multipurpose cash assistance),Al Jabal Al Gharbi,Three monthly transfers of Multi-purpose cash assitance
DRC,MCPA (multipurpose cash assistance),Aljfara,Three monthly transfers of Multi-purpose cash assitance
DRC,MCPA (multipurpose cash assistance),Aljfara,Three monthly transfers of Multi-purpose cash assitance
DRC,MCPA (multipurpose cash assistance),Aljfara,Three monthly transfers of Multi-purpose cash assitance
DRC,MCPA (multipurpose cash assistance),Aljfara,Three monthly transfers of Multi-purpose cash assitance
DRC,MCPA (multipurpose cash assistance),Zwara,Three monthly transfers of Multi-purpose cash assitance
DRC,MCPA (multipurpose cash assistance),Almargeb,Three monthly transfers of Multi-purpose cash assitance
DRC,MCPA (multipurpose cash assistance),Misrata,Three monthly transfers of Multi-purpose cash assitance
DRC,MCPA (multipurpose cash assistance),Zwara,Three monthly transfers of Multi-purpose cash assitance
DRC,MCPA (multipurpose cash assistance),Azzawya,Three monthly transfers of Multi-purpose cash assitance
DRC,MCPA (multipurpose cash assistance),Tripoli,Three monthly transfers of Multi-purpose cash assitance
DRC,MCPA (multipurpose cash assistance),Azzawya,Three monthly transfers of Multi-purpose cash assitance
DRC,MCPA (multipurpose cash assistance),Tripoli,Three monthly transfers of Multi-purpose cash assitance
DRC,MCPA (multipurpose cash assistance),Tripoli,Three monthly transfers of Multi-purpose cash assitance
DRC,MCPA (multipurpose cash assistance),Tripoli,Three monthly transfers of Multi-purpose cash assitance
DRC,MCPA (multipurpose cash assistance),Tripoli,Three monthly transfers of Multi-purpose cash assitance
DRC,MCPA (multipurpose cash assistance),Tripoli,Three monthly transfers of Multi-purpose cash assitance
DRC,MCPA (multipurpose cash assistance),Aljfara,Three monthly transfers of Multi-purpose cash assitance
DRC,MCPA (multipurpose cash assistance),Tripoli,Three monthly transfers of Multi-purpose cash assitance
DRC,MCPA (multipurpose cash assistance),Tripoli,Three monthly transfers of Multi-purpose cash assitance
DRC,MCPA (multipurpose cash assistance),Tripoli,Three monthly transfers of Multi-purpose cash assitance
DRC,MCPA (multipurpose cash assistance),Tripoli,Three monthly transfers of Multi-purpose cash assitance
DRC,MCPA (multipurpose cash assistance),Aljfara,Three monthly transfers of Multi-purpose cash assitance
DRC,MCPA (multipurpose cash assistance),Tripoli,Three monthly transfers of Multi-purpose cash assitance
DRC,MCPA (multipurpose cash assistance),Al Jabal Al Gharbi,Three monthly transfers of Multi-purpose cash assitance
DRC,MCPA (multipurpose cash assistance),Tripoli,Three monthly transfers of Multi-purpose cash assitance
DRC,MCPA (multipurpose cash assistance),Aljfara,Three monthly transfers of Multi-purpose cash assitance
DRC,MCPA (multipurpose cash assistance),Tripoli,Three monthly transfers of Multi-purpose cash assitance
DRC,MCPA (multipurpose cash assistance),Tripoli,Three monthly transfers of Multi-purpose cash assitance
DRC,MCPA (multipurpose cash assistance),Tripoli,Three monthly transfers of Multi-purpose cash assitance
DRC,MCPA (multipurpose cash assistance),Aljfara,Three monthly transfers of Multi-purpose cash assitance
DRC,MCPA (multipurpose cash assistance),Tripoli,Three monthly transfers of Multi-purpose cash assitance
DRC,MCPA (multipurpose cash assistance),Tripoli,Three monthly transfers of Multi-purpose cash assitance
FADV,Protection,Tripoli,PSS service for children in the DC of Tarek El Sikka/distrubution of PPE to the local community
FADV,Health,Zwara,Health Trainings in the Hospital of Zawiya
GC,Protection,Tripoli,Enhance the capacity of GC’s partner CSOs and influencers to conduct IHL dissemination activities  among communities and civil society
GC,Protection,Benghazi,Enhance the capacity of GC’s partner CSOs and influencers to conduct IHL dissemination activities  among communities and civil society
GC,Protection,Misrata,Enhance the capacity of GC’s partner CSOs and influencers to conduct IHL dissemination activities  among communities and civil society
GC,Protection,Alkufra,Enhance the capacity of GC’s partner CSOs and influencers to conduct IHL dissemination activities  among communities and civil society
GVC,WASH,Tripoli,"WASH minor rehabilitation, vector control, hygiene promotion and HK distribution"
GVC,WASH,Sebha,COVID-19 response: WASH infrastructures rehabilitation work according to the SPHERE Standards to limit the spread of the COVID-19 in schools and health facilities; hand washing stations; IPC community awareness camapaign 
GVC,Health,Sebha,COVID-19 response: PPE kits and medical supplies distribution
GVC,Protection,Sebha,COVID-19: Integrated Protection programming
GVC,Health,Zwara,Health facilities rehabilities; Medical supplies and equipement purchase; Community awareness
GVC,Health,Azzawya,Health facilities rehabilities; Medical supplies and equipement purchase; Community awareness
HALO Trust,Protection,Sirt,Mechanical Clearance
HALO Trust,Protection,Sirt,Mechanical Clearance
HALO Trust,Protection,Tripoli,"Non-technical survey, manual and battle area clearance, mechanical clearance"
HALO Trust,Protection,Tripoli,"Non-technical survey, manual and battle area clearance"
HALO Trust,Protection,Tripoli,"Manual and battle area clearance, mechanical clearance"
Helpcode,Health,Azzawya,"Rehabilitation of health facilities, training of medical and non medical staff, provisioning of  mobile medical teams, provisioning of medical equipment, community awareness"
Helpcode,Health,Ghat,"Rehabilitation of health facilities, training of medical and non medical staff, provisioning of  mobile medical teams, provisioning of medical equipment, community awareness"
HI,Health,Tripoli,"Health intervention in the communities and at PHC level through Multidiscipinary Teams (Rehabilitation & PSS).
Capacity building of health partners, provision of assistive & mobility devices and equipments"
HI,Health,Tripoli,"Health intervention in the communities and at PHC level through Multidiscipinary Teams (Rehabilitation & PSS).
Capacity building of health partners, provision of assistive & mobility devices and equipments"
HI,Health,Tripoli,"Health intervention in the communities and at PHC level through Multidiscipinary Teams (Rehabilitation & PSS).
Capacity building of health partners, provision of assistive & mobility devices and equipments"
HI,Health,Benghazi,"Health intervention in the communities and at PHC level through Multidiscipinary Teams (Rehabilitation & PSS).
Capacity building of health partners, provision of assistive & mobility devices and equipments"
HI,Health,Tripoli,"Health intervention in the communities and at PHC level through Multidiscipinary Teams (Rehabilitation & PSS).
Capacity building of health partners, provision of assistive & mobility devices and equipments"
HI,Health,Tripoli,"Health intervention in the communities and at PHC level through Multidiscipinary Teams (Rehabilitation & PSS).
Capacity building of health partners, provision of assistive & mobility devices and equipments"
HI,Health,Tripoli,"Health intervention in the communities and at PHC level through Multidiscipinary Teams (Rehabilitation & PSS).
Capacity building of health partners, provision of assistive & mobility devices and equipments"
HI,Health,Tripoli,"Health intervention in the communities and at PHC level through Multidiscipinary Teams (Rehabilitation & PSS).
Capacity building of health partners, provision of assistive & mobility devices and equipments"
HI,Health,Misrata,"Health intervention in the communities and at PHC level through Multidiscipinary Teams (Rehabilitation & PSS).
Capacity building of health partners, provision of assistive & mobility devices and equipments"
HI,Health,Misrata,"Health intervention in the communities and at PHC level through Multidiscipinary Teams (Rehabilitation & PSS).
Capacity building of health partners, provision of assistive & mobility devices and equipments"
HI,Health,Benghazi,"Health intervention in the communities and at PHC level through Multidiscipinary Teams (Rehabilitation & PSS).
Capacity building of health partners, provision of assistive & mobility devices and equipments"
HI,Health,Misrata,"Provision of a comprehensive and tailored training package aiming at reinforcing the quality of rehabilitation services in the targeted health facilities in Misrata, including on-the-job technical support"
HI,Health,Benghazi,"Action for Mental Health Assistance in Libya (AMAL): training of MH professionals, support to specialised centers and PHCs, Community based Mental Health Intervention"
HI,Health,Benghazi,"Action for Mental Health Assistance in Libya (AMAL): training of MH professionals, support to specialised centers and PHCs, Community based Mental Health Intervention"
HI,Health,Misrata,"Action for Mental Health Assistance in Libya (AMAL): training of MH professionals, support to specialised centers and PHCs, Community based Mental Health Intervention"
HI,Health,Misrata,"Action for Mental Health Assistance in Libya (AMAL): training of MH professionals, support to specialised centers and PHCs, Community based Mental Health Intervention"
HI,Health,Tripoli,"Action for Mental Health Assistance in Libya (AMAL): training of MH professionals, support to specialised centers and PHCs, Community based Mental Health Intervention"
HI,Health,Tripoli,"Action for Mental Health Assistance in Libya (AMAL): training of MH professionals, support to specialised centers and PHCs, Community based Mental Health Intervention"
HI,Health,Tripoli,"Action for Mental Health Assistance in Libya (AMAL): training of MH professionals, support to specialised centers and PHCs, Community based Mental Health Intervention"
HI,Protection,Tripoli,MoFA Luxembourg): Emergency Risk Education intervention in South Tripoli
HI,Multisector,Tripoli,"Inclusive Humanitarian Assistance, Health and Protection Response for the Most Vulnerable, Crisis Affected Persons in Libya"
HI,Multisector,Misrata,"Inclusive Humanitarian Assistance, Health and Protection Response for the Most Vulnerable, Crisis Affected Persons in Libya"
HI,Multisector,Benghazi,"Inclusive Humanitarian Assistance, Health and Protection Response for the Most Vulnerable, Crisis Affected Persons in Libya"
IMC,Health,Zwara,"Improvement of the health conditions for the most vulnerable communities, including migrants, refugees, and their host communities by enhancing the access to health services"
IMC,Health,Tripoli,"Improvement of the health conditions for the most vulnerable communities, including migrants, refugees, and their host communities by enhancing the access to health services"
IMC,Health,Tripoli,"Improve access to complementary, responsive and qualitative primary health care by providing a comprehensive and tailor-made capacity building program for selected primary health care centers (PHCs) in cooperation with the Libyan Ministry of Health (MoH)"
IMC,Health,Tripoli,"Improve access to complementary, responsive and qualitative primary health care by providing a comprehensive and tailor-made capacity building program for selected primary health care centers (PHCs) in cooperation with the Libyan Ministry of Health (MoH)"
IMC,Health,Nalut,"Improve access to complementary, responsive and qualitative primary health care by providing a comprehensive and tailor-made capacity building program for selected primary health care centers (PHCs) in cooperation with the Libyan Ministry of Health (MoH)"
IMC,Health,Al Jabal Al Gharbi,"Improve access to complementary, responsive and qualitative primary health care by providing a comprehensive and tailor-made capacity building program for selected primary health care centers (PHCs) in cooperation with the Libyan Ministry of Health (MoH)"
IMC,Health,Sebha,"Improve access to complementary, responsive and qualitative primary health care by providing a comprehensive and tailor-made capacity building program for selected primary health care centers (PHCs) in cooperation with the Libyan Ministry of Health (MoH)"
IMC,Health,Sebha,Saving Lives Through Improving Healthcare Access and Promoting Resilience in Libya. provides primary health care services to conflict-affected populations in Libya 
IMC,Health,Sebha,Saving Lives Through Improving Healthcare Access and Promoting Resilience in Libya. provides primary health care services to conflict-affected populations in Libya 
IMC,Health,Misrata,Saving Lives Through Improving Healthcare Access and Promoting Resilience in Libya. provides primary health care services to conflict-affected populations in Libya 
IMC,Health,Benghazi,Saving Lives Through Improving Healthcare Access and Promoting Resilience in Libya. provides primary health care services to conflict-affected populations in Libya 
IMC,Health,Tripoli,Saving Lives Through Improving Healthcare Access and Promoting Resilience in Libya. provides primary health care services to conflict-affected populations in Libya 
IMC,Health,Tripoli,Saving Lives Through Improving Healthcare Access and Promoting Resilience in Libya. provides primary health care services to conflict-affected populations in Libya 
IMC,Protection,Sebha,Saving Lives Through Improving Healthcare Access and Promoting Resilience in Libya. provides primary health care services to conflict-affected populations in Libya 
IMC,Protection,Sebha,Saving Lives Through Improving Healthcare Access and Promoting Resilience in Libya. provides primary health care services to conflict-affected populations in Libya 
IMC,Protection,Misrata,Saving Lives Through Improving Healthcare Access and Promoting Resilience in Libya. provides primary health care services to conflict-affected populations in Libya 
IMC,Protection,Benghazi,Saving Lives Through Improving Healthcare Access and Promoting Resilience in Libya. provides primary health care services to conflict-affected populations in Libya 
IMC,Protection,Tripoli,Saving Lives Through Improving Healthcare Access and Promoting Resilience in Libya. provides primary health care services to conflict-affected populations in Libya 
IMC,Protection,Tripoli,Saving Lives Through Improving Healthcare Access and Promoting Resilience in Libya. provides primary health care services to conflict-affected populations in Libya 
IMC,Health,Tripoli,"Protecting and empowering women to elevate resilience in Libya through provision of RH services and GBV prevention and response activities by supporting two women empowerment CSOs
"
IMC,Health,Tripoli,"Protecting and empowering women to elevate resilience in Libya through provision of RH services and GBV prevention and response activities by supporting two women empowerment CSOs
"
IMC,Health,Sebha,"Protecting and empowering women to elevate resilience in Libya through provision of RH services and GBV prevention and response activities by supporting two women empowerment CSOs
"
IMC,Health,Sebha,"Protecting and empowering women to elevate resilience in Libya through provision of RH services and GBV prevention and response activities by supporting two women empowerment CSOs
"
IMC,Protection,Tripoli,"Protecting and empowering women to elevate resilience in Libya through provision of RH services and GBV prevention and response activities by supporting two women empowerment CSOs
"
IMC,Protection,Tripoli,"Protecting and empowering women to elevate resilience in Libya through provision of RH services and GBV prevention and response activities by supporting two women empowerment CSOs
"
IMC,Protection,Sebha,"Protecting and empowering women to elevate resilience in Libya through provision of RH services and GBV prevention and response activities by supporting two women empowerment CSOs
"
IMC,Protection,Sebha,"Protecting and empowering women to elevate resilience in Libya through provision of RH services and GBV prevention and response activities by supporting two women empowerment CSOs
"
IMC,Health,Tripoli,"Support MoH in the provision of tuberculosis screening and treatment in the Tripoli area and higher level mental health services in Misrata to compliment the psychosocial support activities implemented by the co-lead partner CESVI.
"
IMC,Health,Misrata,"Support MoH in the provision of tuberculosis screening and treatment in the Tripoli area and higher level mental health services in Misrata to compliment the psychosocial support activities implemented by the co-lead partner CESVI.
"
IMC,Health,Tripoli,"Provision of primary health care services and referrals to advanced health facilities for Migrants and IDPs in two Primary Health Care Centers (PHCs) in COVID-19 emergency as well as supporting Tripoli Central Hospital to improve COVID-19 management capacity and response.
"
IMC,Health,Tripoli,"Provision of primary health care services and referrals to advanced health facilities for Migrants and IDPs in two Primary Health Care Centers (PHCs) in COVID-19 emergency as well as supporting Tripoli Central Hospital to improve COVID-19 management capacity and response.
"
IMC,Health,Tripoli,"Support COVID-19  preparedness and response efforts in Libya through the provision of  training to healthcare staff in IPC and Case Management, supporting Rapid Response Teams, improving risk communication and community engagement and prepare and equip health facilities.
"
IMC,Health,Sebha,"Support COVID-19  preparedness and response efforts in Libya through the provision of  training to healthcare staff in IPC and Case Management, supporting Rapid Response Teams, improving risk communication and community engagement and prepare and equip health facilities.
"
IMC,Health,Benghazi,"Support COVID-19  preparedness and response efforts in Libya through the provision of  training to healthcare staff in IPC and Case Management, supporting Rapid Response Teams, improving risk communication and community engagement and prepare and equip health facilities.
"
IMC,Health,Misrata,"Support COVID-19  preparedness and response efforts in Libya through the provision of  training to healthcare staff in IPC and Case Management, supporting Rapid Response Teams, improving risk communication and community engagement and prepare and equip health facilities.
"
Intersos,Multisector,Tripoli,"Provision of multi-sectorial services to vulnerable children
 in Libya – Bayti Centre.
Activities: NFE, PSS, LS, computer classes, awareness sessions, better parenting, case management, capacity building training of UNICEF implementing partners"
Intersos,Multisector,Sebha,"Provision of multi-sectorial services to vulnerable children
 in Libya – Bayti Centre Sabha.
Activities: NFE, PSS, LS,  awareness sessions, better parenting"
Intersos,Multisector,Sebha,"Provision of social, education and protection services to vulnerable 
children and their families in Libya – HuB Centre Sabha.
Activities: legal and protection services, health and social services, case management, NFI distribution"
Intersos,Health,Tripoli,"Protection and Multi Sectorial Assistance to IDPs, migrants
 and vulnerable host communities in Tripoli.
Activities: awareness raising activities on health, medical screenings, commnity protection outreach activities, NFI distribution"
Intersos,Food Security,Tripoli,"School Feeding – Food for training.
Activities: in-kind food assistance, awareness raising sessions on nutritional topics, strenghtening livelihoods by training local CBOs on healthy nutrition and food processing"
IRC,Health,Tripoli,Mobile health team (Primary health care servcies) to DC
IRC,Health,Tripoli,Mobile health team (Primary health care servcies) to a PHC
IRC,Health,Tripoli,Mobile health team (PHC + GBV case management and PSS group activities) to PHCC 
IRC,Health,Tripoli,Mobile health team (Primary health care servcies) to a PHC
IRC,Health,Tripoli,Mobile health team (Primary health care servcies) to a PHC
IRC,Health,Tripoli,Mobile health team (Primary health care servcies) to a CDC
IRC,Health,Tripoli,Mobile health team (Primary health care servcies) to DC and Dis-embarkation point
IRC,Health,Tripoli,Mobile health team (Primary health care servcies) to DC and Dis-embarkation point
IRC,Health,Misrata,Mobile health team (Primary health care servcies) to DC and Dis-embarkation point
IRC,Health,Misrata,Mobile health team (Primary health care servcies) to LRC shelter
IRC,Health,Misrata,Mobile health team (PHC + GBV case management)
IRC,Health,Tripoli,24/7 medical emergency hotline and ambulance transportation services
IRC,Health,Tripoli,24/7 COVID-19 ambulance transportation services
IRC,Health,Misrata,Strenghtening health systems through mentorship and provision of medical equipment and supplies
IRC,Health,Misrata,NCDs management and prevention 
IRC,Health,Tripoli,NCDs management and prevention 
IRC,Health,Al Jabal Al Gharbi,NCDs management and prevention 
IRC,Health,Tripoli,Strengthening the primary healthcare servcies 
IRC,Health,Misrata,Strengthening the primary healthcare servcies 
IRC,Health,Al Jabal Al Gharbi,Strengthening the primary healthcare servcies 
IRC,Health,Ghat,Strengthening the primary healthcare servcies - Mobile teams to PHCs in the southern region 
IRC,Health,Ubari,Strengthening the primary healthcare servcies - Mobile teams to PHCs in the southern region 
IRC,Protection,Tripoli,"GBV Case Management, PSS provision, Non focused group activites (awareness raising)."
IRC,Protection,Tripoli,Non focused recreational activities to children.
IRC,Protection,Tripoli,Non focused recreational activities to children.
IRC,Protection,Tripoli,"Information dissemination and awareness raising, referral to specialized services"
IRC,Protection,Tripoli,"GBV Case Management, PSS provision, Non focused group activites (awareness raising)."
IRC,Protection,Tripoli,"GBV Case Management, PSS provision, Non focused group activites (awareness raising)."
IRC,Protection,Tripoli,"Information dissemination and awareness raising, referral to specialized services"
IRC,Protection,Tripoli,"Information dissemination and awareness raising, referral to specialized services"
IRC,Protection,Tripoli,"Community mobalization, Inkind assistance, referral to specialized services, Information dissemination,awareness raising and community consultantions."
IRC,Protection,Tripoli,"Community mobalization, Inkind assistance, referral to specialized services, Information dissemination,awareness raising and community consultantions."
IRC,Protection,Tripoli,"Community mobalization, Inkind assistance, referral to specialized services, Information dissemination,awareness raising and community consultantions."
IRC,Protection,Misrata,"GBV Case Management, PSS provision, Non focused group activites (awareness raising)."
IRC,Protection,Misrata,Non focused recreational activities to children.
IRC,Protection,Misrata,"GBV Case Management, PSS provision, Non focused group activites (awareness raising)."
IRC,Protection,Misrata,Non focused recreational activities to children.
IRC,Protection,Misrata,"GBV Case Management, PSS provision, Non focused group activites (awareness raising)."
IRC,Protection,Misrata,Non focused recreational activities to children.
IRC,Protection,Misrata,"GBV Case Management, PSS provision, Non focused group activites (awareness raising)."
IRC,Protection,Misrata,Non focused recreational activities to children.
MMC,IM,Sebha,Mixed Migration Monitoring Mechanism initiative
MMC,IM,Tripoli,Mixed Migration Monitoring Mechanism initiative
MMC,IM,Ejdabia,Mixed Migration Monitoring Mechanism initiative
NRC,Education,Benghazi,Distribution of Rec/Edu student kits -116 kits
NRC,Education,Benghazi,Distribution of Rec/Edu student kits -169 Kits
NRC,Education,Benghazi,Distribution of  Rec/Edu student kits - 16 Kits
NRC,Education,Benghazi,Distribution of  Rec/Edu student kits -33 kits
NRC,Education,Benghazi,Distribution of  Rec/Edu student kits - 20 kits
NRC,Education,Benghazi,Distribution of  Rec/Edu student kits - 46 kits
NRC,Education,Benghazi,Distribution of  Rec/Edu student kits- 106 Kits
NRC,Education,Benghazi,Distribution of student kits for Tarhouna IDPs - 41 Kits
NRC,Education,Benghazi,Distribution of student kits for Tarhouna IDPs  in Shahat city - 650 Kits
NRC,Education,Benghazi,Distribution of student kits for Tarhouna IDPs - 80 Kits
NRC,Education,Benghazi,Distribution of student kits for Tarhouna IDPs - 81 Kits
NRC,Education,Benghazi,Alnamudhjia school- hygiene kit ( cleaning supplies) - 3 kits
NRC,Education,Benghazi,Alhoreia school- hygiene kit ( cleaning supplies) - 3 kits
NRC,Education,Benghazi,Sidi Hussein school- hygiene kit ( cleaning supplies) - 2 kits
NRC,Education,Benghazi,Altiba Almonwra school- hygiene kit ( cleaning supplies) - 4 kits
NRC,Education,Benghazi,Shohda Ard Lomlom school- hygiene kit ( cleaning supplies) - 3 kits
NRC,Education,Benghazi,Okba school- hygiene kit ( cleaning supplies) -  3 kits
NRC,Education,Benghazi,SHOHDA ALSAHIL school- hygiene kit ( cleaning supplies) - 3 kits
NRC,Education,Benghazi,Alhelees  for Tawrgha IDPs school- hygiene kit ( cleaning supplies)- 2kits
NRC,Education,Benghazi,Garyounis school- hygiene kit ( cleaning supplies)-3 kits 
NRC,Education,Benghazi,Shohadaa Alhawary school- hygiene kit ( cleaning supplies)- 3 kits
NRC,Education,Benghazi,Alamira school- hygiene kit ( cleaning supplies)- 3 kits 
NRC,Education,Benghazi,Sinaa school- hygiene kit ( cleaning supplies)-3 kits
NRC,Education,Benghazi,Alsadeka school- hygiene kit ( cleaning supplies)-4 kits
NRC,Education,Benghazi,Alantesar school- hygiene kit ( cleaning supplies)- 6 kits
NRC,Education,Benghazi,Alnajeela school- hygiene kit ( cleaning supplies) - 2 kits
NRC,Education,Benghazi,non-formal education as implemented through WhatsApp and paper-based distributions for for 569 beneficiaries
NRC,Education,Benghazi,non-formal education as implemented through WhatsApp and paper-based distributions for for 569 beneficiaries
NRC,Education,Benghazi,non-formal education as implemented through WhatsApp and paper-based distributions for for 569 beneficiaries
NRC,Education,Benghazi,non-formal education as implemented through WhatsApp and paper-based distributions for for 569 beneficiaries
NRC,Education,Benghazi,non-formal education as implemented through WhatsApp and paper-based distributions for for 569 beneficiaries
NRC,Education,Benghazi,non-formal education as implemented through WhatsApp for 630 beneficiaries
NRC,Protection,Benghazi,"Group Information Sessions, Legal Counselling and Legal Assistance "
NRC,Protection,Benghazi,"Group Information Sessions, Legal Counselling and Legal Assistance "
NRC,Protection,Benghazi,"Group Information Sessions, Legal Counselling and Legal Assistance "
NRC,Protection,Benghazi,"Group Information Sessions, Legal Counselling and Legal Assistance "
NRC,Protection,Benghazi,"Group Information Sessions, Legal Counselling and Legal Assistance "
NRC,Protection,Benghazi,"Group Information Sessions, Legal Counselling and Legal Assistance "
NRC,Protection,,"Group Information Sessions, Legal Counselling and Legal Assistance "
NRC,Protection,,"Group Information Sessions, Legal Counselling and Legal Assistance "
NRC,Protection,Benghazi,Training on legal rights and HLP 
NRC,Protection,Tripoli,Call Centre for Refugees and Asylum Seekers (based in Tripoli covers all Libya) 
NRC,Protection,Benghazi,Rapid Needs Assessment Team (Based in Benghazi covering east) 
NRC,Protection,Benghazi,Eviction monitoring 
PUI,Health,Alkufra,"2 Mobile Health Teams, Delivery of essential medicines and consumable medical supplies, MHPSS consultations, Support of SGBV survivors, Referrals, Community based interventions"
PUI,Protection,Alkufra,"Protection Need assessment, Protection monitoring, Protection assistance, Awareness campaigns"
PUI,Health,Benghazi,"1 Mobile Health Team, Delivery of essential medicines and consumable medical supplies, MHPSS consultations"
PUI,Health,Benghazi,"1 Mobile Health Team, Delivery of essential medicines and consumable medical supplies, MHPSS consultations"
PUI,Health,Benghazi,"1 Mobile Health Team, Delivery of essential medicines and consumable medical supplies, MHPSS consultations"
PUI,Health,Benghazi,"1 Mobile Health Team, Delivery of essential medicines and consumable medical supplies, MHPSS consultations"
PUI,Health,Benghazi,"1 Mobile Health Team, Delivery of essential medicines and consumable medical supplies, MHPSS consultations"
PUI,Protection,Benghazi,"Protection monitoring, Protection assistance"
PUI,Protection,Benghazi,"Protection monitoring, Protection assistance"
PUI,Protection,Benghazi,"Protection monitoring, Protection assistance"
PUI,Protection,Benghazi,"Protection monitoring, Protection assistance"
PUI,Protection,Benghazi,"Protection monitoring, Protection assistance"
PUI,Shelter/NFIs,Benghazi,"Distribution of NFIs, Hygiene Kits"
PUI,Shelter/NFIs,Benghazi,"Distribution of NFIs, Hygiene Kits"
PUI,Health,Benghazi,QIPs (Consummables related to COVID-19)
PUI,Health,Benghazi,"Delivery of drugs, medical equipment and consumables, Technical Trainings, Mentorship, Delivery of HMIS tools"
PUI,Health,Benghazi,"Health infrastructure rehabilitation, Technical trainings for MoH staff, community activities (awareness campagins)"
PUI,Health,Benghazi,"Health infrastructure rehabilitation, Technical trainings for MoH staff, community activities (awareness campagins)"
PUI,Health,Alkufra,"Health infrastructure rehabilitation, Technical trainings for MoH staff, community activities (awareness campagins)"
REACH,Protection,Ubari,"Area-based Assessment: to better understand protection and social cohesion issues and stakeholders in the city, including an investigation of the formal and informal mechanisms residents use to seek protection and to make protection-related decisions"
REACH,Multisector,Sebha,"Area-based Assessment: to provide humanitarian-development-peace ‘nexus’ actors with information related to service delivery and social cohesion in the city, and identify efficient and conflict-sensitive entry points for supporting medium- to long-term solutions to service delivery challenges."
REACH,Other,Sebha,"Labour market assessments - The assessment aims to understand the structure of the labour market, opportunities that are present, and barriers to accessing the labour market for different segments of the population.

Specifically, the assessment aims to map out the characteristics of the labour market, how Libyans and non-Libyans interact with the labour market and the opportunities and challenges for each population group. The labour market assessments will include a stakeholder mapping identifying local structures focused on economic development in the target areas."
REACH,Other,Ubari,"Labour market assessments - The assessment aims to understand the structure of the labour market, opportunities that are present, and barriers to accessing the labour market for different segments of the population.

Specifically, the assessment aims to map out the characteristics of the labour market, how Libyans and non-Libyans interact with the labour market and the opportunities and challenges for each population group. The labour market assessments will include a stakeholder mapping identifying local structures focused on economic development in the target areas."
REACH,Protection,Alkufra,Data collection on birth registration and current gaps in registration and documentation
REACH,Protection,Benghazi,Data collection on birth registration and current gaps in registration and documentation
REACH,Protection,Ghat,Data collection on birth registration and current gaps in registration and documentation
REACH,Protection,Misrata,Data collection on birth registration and current gaps in registration and documentation
REACH,Protection,Murzuq,Data collection on birth registration and current gaps in registration and documentation
REACH,Protection,Sebha,Data collection on birth registration and current gaps in registration and documentation
REACH,Protection,Tripoli,Data collection on birth registration and current gaps in registration and documentation
REACH,Multisector,Al Jabal Al Akhdar,Multi-Sector Needs Assessment: Libyan population groups
REACH,Multisector,Al Jabal Al Gharbi,Multi-Sector Needs Assessment: Libyan population groups
REACH,Multisector,Aljfara,Multi-Sector Needs Assessment: Libyan population groups
REACH,Multisector,Aljufra,Multi-Sector Needs Assessment: Libyan population groups
REACH,Multisector,Alkufra,Multi-Sector Needs Assessment: Libyan population groups
REACH,Multisector,Almargeb,Multi-Sector Needs Assessment: Libyan population groups
REACH,Multisector,Almarj,Multi-Sector Needs Assessment: Libyan population groups
REACH,Multisector,Azzawya,Multi-Sector Needs Assessment: Libyan population groups
REACH,Multisector,Benghazi,Multi-Sector Needs Assessment: Libyan population groups
REACH,Multisector,Derna,Multi-Sector Needs Assessment: Libyan population groups
REACH,Multisector,Ejdabia,Multi-Sector Needs Assessment: Libyan population groups
REACH,Multisector,Ghat,Multi-Sector Needs Assessment: Libyan population groups
REACH,Multisector,Misrata,Multi-Sector Needs Assessment: Libyan population groups
REACH,Multisector,Murzuq,Multi-Sector Needs Assessment: Libyan population groups
REACH,Multisector,Nalut,Multi-Sector Needs Assessment: Libyan population groups
REACH,Multisector,Sebha,Multi-Sector Needs Assessment: Libyan population groups
REACH,Multisector,Sirt,Multi-Sector Needs Assessment: Libyan population groups
REACH,Multisector,Tobruk,Multi-Sector Needs Assessment: Libyan population groups
REACH,Multisector,Tripoli,Multi-Sector Needs Assessment: Libyan population groups
REACH,Multisector,Ubari,Multi-Sector Needs Assessment: Libyan population groups
REACH,Multisector,Wadi Ashshati,Multi-Sector Needs Assessment: Libyan population groups
REACH,Multisector,Zwara,Multi-Sector Needs Assessment: Libyan population groups
REACH,Multisector,Tripoli,Multi-Sector Needs Assessment: Migrant and Refugee populations
REACH,Multisector,Ejdabia,Multi-Sector Needs Assessment: Migrant and Refugee populations
REACH,Multisector,Misrata,Multi-Sector Needs Assessment: Migrant and Refugee populations
REACH,Multisector,Murzuq,Multi-Sector Needs Assessment: Migrant and Refugee populations
REACH,Multisector,Sebha,Multi-Sector Needs Assessment: Migrant and Refugee populations
REACH,Multisector,Azzawya,Multi-Sector Needs Assessment: Migrant and Refugee populations
REACH,Multisector,Al Jabal Al Gharbi,Multi-Sector Needs Assessment: Migrant and Refugee populations
REACH,Multisector,Benghazi,Multi-Sector Needs Assessment: Migrant and Refugee populations
REACH,Multisector,Alkufra,Multi-Sector Needs Assessment: Migrant and Refugee populations
REACH,MCPA (multipurpose cash assistance),Al Jabal Al Akhdar,Joint Market Monitoring Initiative
REACH,MCPA (multipurpose cash assistance),Al Jabal Al Gharbi,Joint Market Monitoring Initiative
REACH,MCPA (multipurpose cash assistance),Al Jabal Al Gharbi,Joint Market Monitoring Initiative
REACH,MCPA (multipurpose cash assistance),Al Jabal Al Gharbi,Joint Market Monitoring Initiative
REACH,MCPA (multipurpose cash assistance),Al Jabal Al Gharbi,Joint Market Monitoring Initiative
REACH,MCPA (multipurpose cash assistance),Aljfara,Joint Market Monitoring Initiative
REACH,MCPA (multipurpose cash assistance),Aljfara,Joint Market Monitoring Initiative
REACH,MCPA (multipurpose cash assistance),AlJufra,Joint Market Monitoring Initiative
REACH,MCPA (multipurpose cash assistance),Alkufra,Joint Market Monitoring Initiative
REACH,MCPA (multipurpose cash assistance),Almargeb,Joint Market Monitoring Initiative
REACH,MCPA (multipurpose cash assistance),Almargeb,Joint Market Monitoring Initiative
REACH,MCPA (multipurpose cash assistance),Almargeb,Joint Market Monitoring Initiative
REACH,MCPA (multipurpose cash assistance),Almarj,Joint Market Monitoring Initiative
REACH,MCPA (multipurpose cash assistance),Azzawya,Joint Market Monitoring Initiative
REACH,MCPA (multipurpose cash assistance),Benghazi,Joint Market Monitoring Initiative
REACH,MCPA (multipurpose cash assistance),Derna,Joint Market Monitoring Initiative
REACH,MCPA (multipurpose cash assistance),Ejdabia,Joint Market Monitoring Initiative
REACH,MCPA (multipurpose cash assistance),Ghat,Joint Market Monitoring Initiative
REACH,MCPA (multipurpose cash assistance),Misrata,Joint Market Monitoring Initiative
REACH,MCPA (multipurpose cash assistance),Misrata,Joint Market Monitoring Initiative
REACH,MCPA (multipurpose cash assistance),Misrata,Joint Market Monitoring Initiative
REACH,MCPA (multipurpose cash assistance),Murzuq,Joint Market Monitoring Initiative
REACH,MCPA (multipurpose cash assistance),Murzuq,Joint Market Monitoring Initiative
REACH,MCPA (multipurpose cash assistance),Nalut,Joint Market Monitoring Initiative
REACH,MCPA (multipurpose cash assistance),Nalut,Joint Market Monitoring Initiative
REACH,MCPA (multipurpose cash assistance),Sebha,Joint Market Monitoring Initiative
REACH,MCPA (multipurpose cash assistance),Sirt,Joint Market Monitoring Initiative
REACH,MCPA (multipurpose cash assistance),Tobruk,Joint Market Monitoring Initiative
REACH,MCPA (multipurpose cash assistance),Tripoli,Joint Market Monitoring Initiative
REACH,MCPA (multipurpose cash assistance),Tripoli,Joint Market Monitoring Initiative
REACH,MCPA (multipurpose cash assistance),Tripoli,Joint Market Monitoring Initiative
REACH,MCPA (multipurpose cash assistance),Tripoli,Joint Market Monitoring Initiative
REACH,MCPA (multipurpose cash assistance),Tripoli,Joint Market Monitoring Initiative
REACH,MCPA (multipurpose cash assistance),Tripoli,Joint Market Monitoring Initiative
REACH,MCPA (multipurpose cash assistance),Ubari,Joint Market Monitoring Initiative
REACH,MCPA (multipurpose cash assistance),Wadi Ashshati,Joint Market Monitoring Initiative
REACH,MCPA (multipurpose cash assistance),Zwara,Joint Market Monitoring Initiative
REACH,MCPA (multipurpose cash assistance),Zwara,Joint Market Monitoring Initiative
REACH,MCPA (multipurpose cash assistance),Al Jabal Al Akhdar,Joint Market Monitoring Initiative: Rapid COVID-19 assessment
REACH,MCPA (multipurpose cash assistance),Al Jabal Al Gharbi,Joint Market Monitoring Initiative: Rapid COVID-19 assessment
REACH,MCPA (multipurpose cash assistance),Al Jabal Al Gharbi,Joint Market Monitoring Initiative: Rapid COVID-19 assessment
REACH,MCPA (multipurpose cash assistance),Al Jabal Al Gharbi,Joint Market Monitoring Initiative: Rapid COVID-19 assessment
REACH,MCPA (multipurpose cash assistance),Al Jabal Al Gharbi,Joint Market Monitoring Initiative: Rapid COVID-19 assessment
REACH,MCPA (multipurpose cash assistance),Aljfara,Joint Market Monitoring Initiative: Rapid COVID-19 assessment
REACH,MCPA (multipurpose cash assistance),Aljfara,Joint Market Monitoring Initiative: Rapid COVID-19 assessment
REACH,MCPA (multipurpose cash assistance),AlJufra,Joint Market Monitoring Initiative: Rapid COVID-19 assessment
REACH,MCPA (multipurpose cash assistance),Alkufra,Joint Market Monitoring Initiative: Rapid COVID-19 assessment
REACH,MCPA (multipurpose cash assistance),Almargeb,Joint Market Monitoring Initiative: Rapid COVID-19 assessment
REACH,MCPA (multipurpose cash assistance),Almargeb,Joint Market Monitoring Initiative: Rapid COVID-19 assessment
REACH,MCPA (multipurpose cash assistance),Almargeb,Joint Market Monitoring Initiative: Rapid COVID-19 assessment
REACH,MCPA (multipurpose cash assistance),Almarj,Joint Market Monitoring Initiative: Rapid COVID-19 assessment
REACH,MCPA (multipurpose cash assistance),Azzawya,Joint Market Monitoring Initiative: Rapid COVID-19 assessment
REACH,MCPA (multipurpose cash assistance),Benghazi,Joint Market Monitoring Initiative: Rapid COVID-19 assessment
REACH,MCPA (multipurpose cash assistance),Derna,Joint Market Monitoring Initiative: Rapid COVID-19 assessment
REACH,MCPA (multipurpose cash assistance),Ejdabia,Joint Market Monitoring Initiative: Rapid COVID-19 assessment
REACH,MCPA (multipurpose cash assistance),Ghat,Joint Market Monitoring Initiative: Rapid COVID-19 assessment
REACH,MCPA (multipurpose cash assistance),Misrata,Joint Market Monitoring Initiative: Rapid COVID-19 assessment
REACH,MCPA (multipurpose cash assistance),Misrata,Joint Market Monitoring Initiative: Rapid COVID-19 assessment
REACH,MCPA (multipurpose cash assistance),Misrata,Joint Market Monitoring Initiative: Rapid COVID-19 assessment
REACH,MCPA (multipurpose cash assistance),Murzuq,Joint Market Monitoring Initiative: Rapid COVID-19 assessment
REACH,MCPA (multipurpose cash assistance),Murzuq,Joint Market Monitoring Initiative: Rapid COVID-19 assessment
REACH,MCPA (multipurpose cash assistance),Nalut,Joint Market Monitoring Initiative: Rapid COVID-19 assessment
REACH,MCPA (multipurpose cash assistance),Nalut,Joint Market Monitoring Initiative: Rapid COVID-19 assessment
REACH,MCPA (multipurpose cash assistance),Sebha,Joint Market Monitoring Initiative: Rapid COVID-19 assessment
REACH,MCPA (multipurpose cash assistance),Sirt,Joint Market Monitoring Initiative: Rapid COVID-19 assessment
REACH,MCPA (multipurpose cash assistance),Tobruk,Joint Market Monitoring Initiative: Rapid COVID-19 assessment
REACH,MCPA (multipurpose cash assistance),Tripoli,Joint Market Monitoring Initiative: Rapid COVID-19 assessment
REACH,MCPA (multipurpose cash assistance),Tripoli,Joint Market Monitoring Initiative: Rapid COVID-19 assessment
REACH,MCPA (multipurpose cash assistance),Tripoli,Joint Market Monitoring Initiative: Rapid COVID-19 assessment
REACH,MCPA (multipurpose cash assistance),Tripoli,Joint Market Monitoring Initiative: Rapid COVID-19 assessment
REACH,MCPA (multipurpose cash assistance),Tripoli,Joint Market Monitoring Initiative: Rapid COVID-19 assessment
REACH,MCPA (multipurpose cash assistance),Tripoli,Joint Market Monitoring Initiative: Rapid COVID-19 assessment
REACH,MCPA (multipurpose cash assistance),Ubari,Joint Market Monitoring Initiative: Rapid COVID-19 assessment
REACH,MCPA (multipurpose cash assistance),Wadi Ashshati,Joint Market Monitoring Initiative: Rapid COVID-19 assessment
REACH,MCPA (multipurpose cash assistance),Zwara,Joint Market Monitoring Initiative: Rapid COVID-19 assessment
REACH,MCPA (multipurpose cash assistance),Zwara,Joint Market Monitoring Initiative: Rapid COVID-19 assessment
REACH,Protection,Tripoli,Protection Rapid COVID-19 assessment
TDH,Health,Al Jabal Al Gharbi,"1.1 Provide a minimum package of integrated health services at primary and secondary levels (integrated services cover emergency and trauma care, management of Communicable and Non-Communicable Diseases, Maternal, Neonatal and Child Health (MNCH), Mental Health and Psychosocial Support (MHPSS) and clinical rehabilitation). "
TDH,Health,Al Jabal Al Gharbi,3.1 Strengthen the capacity of health care providers and community health care workers to provide essential health services
TDH,Health,Azzawya,"1.1 Provide a minimum package of integrated health services at primary and secondary levels (integrated services cover emergency and trauma care, management of Communicable and Non-Communicable Diseases, Maternal, Neonatal and Child Health (MNCH), Mental Health and Psychosocial Support (MHPSS) and clinical rehabilitation). "
TDH,Health,Azzawya,3.1 Strengthen the capacity of health care providers and community health care workers to provide essential health services
TDH,Health,Tripoli,"1.1 Provide a minimum package of integrated health services at primary and secondary levels (integrated services cover emergency and trauma care, management of Communicable and Non-Communicable Diseases, Maternal, Neonatal and Child Health (MNCH), Mental Health and Psychosocial Support (MHPSS) and clinical rehabilitation). "
TDH,Health,Tripoli,3.1 Strengthen the capacity of health care providers and community health care workers to provide essential health services
TDH,Health,Misrata,"1.1 Provide a minimum package of integrated health services at primary and secondary levels (integrated services cover emergency and trauma care, management of Communicable and Non-Communicable Diseases, Maternal, Neonatal and Child Health (MNCH), Mental Health and Psychosocial Support (MHPSS) and clinical rehabilitation). "
TDH,Health,Misrata,3.1 Strengthen the capacity of health care providers and community health care workers to provide essential health services
TDH,Education,Tripoli,1-  Enhanced access to formal and non-formal education for vulnerable school-aged children affected by protracted crisis.
TDH,Protection,Tripoli,"1 - Strengthen community-based child protection to enhance protection of children from violence, abuse and exploitation in targeted locations"
TDH,Education,Tripoli,1-  Enhanced access to formal and non-formal education for vulnerable school-aged children affected by protracted crisis.
TDH,Protection,Tripoli,"1 - Strengthen community-based child protection to enhance protection of children from violence, abuse and exploitation in targeted locations"
TDH,Education,Azzawya,1-  Enhanced access to formal and non-formal education for vulnerable school-aged children affected by protracted crisis.
TDH,Protection,Azzawya,"1 - Strengthen community-based child protection to enhance protection of children from violence, abuse and exploitation in targeted locations"
TDH,Education,Misrata,1-  Enhanced access to formal and non-formal education for vulnerable school-aged children affected by protracted crisis.
TDH,Protection,Misrata,"1 - Strengthen community-based child protection to enhance protection of children from violence, abuse and exploitation in targeted locations"
